{
  "usingComponents": {
    "van-nav-bar": "@vant/weapp/nav-bar/index",
    "van-button": "@vant/weapp/button/index",
    "van-icon": "@vant/weapp/icon/index",
    "van-cell": "@vant/weapp/cell/index",
    "van-cell-group": "@vant/weapp/cell-group/index",
    "van-action-sheet": "@vant/weapp/action-sheet/index",
    "van-datetime-picker": "@vant/weapp/datetime-picker/index",
    "van-popup": "@vant/weapp/popup/index",
    "van-radio": "@vant/weapp/radio/index",
    "van-radio-group": "@vant/weapp/radio-group/index",
    "van-picker": "@vant/weapp/picker/index"
    
  }
}