[
    {
        "pid": 0,
        "name": " ABC/USDT",
        "code": "0xE4471184924734aC2f1A691ADd90FC694870ED24",
        "icon": "https://cloud-data-s2-images.fistdao.finance/usdt.png",
        "icons": "https://cloud-data-s2-images.fistdao.finance/usdt.png",
        "lPdata": "",
        "token1": "0x737b414b141823c3d2768a7e69f07ce33263bb48",
        "token2": "0xcfe7c6f4e6ec2789f39f7b93c42c3b4f046997e3",
        "binsShow": false,
        "inputValue": "",
        "isDeatilopen": false,
        "Maxnu": "",
        "allowa": "",
        "balance": "",
        "Luerbse": "",
        "meatdate": "",
        "usdtdate": ""
    }
]