[
    {
        "name": "beer",
        "producerName": "Revision",
        "beverageName": "Sparkle Muffin",
        "beverageColor": "#FFDC67",
        "beverageStyle": "New England IPA",
        "producerLocation": "Sparks, NV",
        "abv": 7,
        "ibu": 30,
        "logo": "https://s3.amazonaws.com/digitalpourproducerlogos/58813a565e002c0f185bd0e5.png",
        "level": 27.027027027027028
    },
    {
        "name": "beer",
        "producerName": "Breakside",
        "beverageName": "What Rough Beast",
        "beverageColor": "#FFE699",
        "beverageStyle": "Hazy IPA",
        "producerLocation": "Portland, OR",
        "abv": 7,
        "ibu": 55,
        "logo": "https://s3.amazonaws.com/digitalpourbeveragelogos/58c1b2255e002c0658f1ebc7.png",
        "level": 72.97297297297297
    },
    {
        "name": "beer",
        "producerName": "Ruse",
        "beverageName": "Papyrus Iris",
        "beverageColor": "#EDC722",
        "beverageStyle": "Hazy IPA",
        "producerLocation": "Portland, OR",
        "abv": 6,
        "ibu": null,
        "logo": "https://s3.amazonaws.com/digitalpourproducerlogos/56bcd0a85e002c0384342684.png",
        "level": 56.75675675675676
    },
    {
        "name": "beer",
        "producerName": "Barley Brown's",
        "beverageName": "Pallet Jack",
        "beverageColor": "#EDBD22",
        "beverageStyle": "IPA",
        "producerLocation": "Baker City, OR",
        "abv": 7,
        "ibu": 70,
        "logo": "https://s3.amazonaws.com/digitalpourproducerlogos/501233859294c3198c3fd2fb.png",
        "level": 94.5945945945946
    },
    {
        "name": "beer",
        "producerName": "Boneyard",
        "beverageName": "RPM",
        "beverageColor": "#F7B100",
        "beverageStyle": "IPA",
        "producerLocation": "Bend, OR",
        "abv": 6,
        "ibu": 50,
        "logo": "https://s3.amazonaws.com/digitalpourbeveragelogos/501234409294c3198c3fd58b.png",
        "level": 2.7027027027027026
    },
    {
        "name": "beer",
        "producerName": "Breakside",
        "beverageName": "Starstruck IPA",
        "beverageColor": "#F6F718",
        "beverageStyle": "West Coast India Pale Ale",
        "producerLocation": "Portland, OR",
        "abv": 6,
        "ibu": null,
        "logo": "https://s3.amazonaws.com/digitalpourproducerlogos/5012337c9294c3198c3fd29e.png",
        "level": 86.48648648648648
    },
    {
        "name": "beer",
        "producerName": "Grains of Wrath",
        "beverageName": "Grave Dancer",
        "beverageColor": "#EDC722",
        "beverageStyle": "Single Hop Mosaic IPA",
        "producerLocation": "Camas, WA",
        "abv": 6,
        "ibu": null,
        "logo": "https://s3.amazonaws.com/digitalpourproducerlogos/589e2a075e002c0a2ce9067b.png",
        "level": 35.13513513513514
    },
    {
        "name": "beer",
        "producerName": "Melvin",
        "beverageName": "2x4",
        "beverageColor": "#F7E026",
        "beverageStyle": "American Imperial IPA",
        "producerLocation": "Alpine, WY",
        "abv": 9,
        "ibu": 100,
        "logo": "https://s3.amazonaws.com/digitalpourproducerlogos/552d84cc5e002c0d5c543143.png",
        "level": 40.54054054054054
    },
    {
        "name": "beer",
        "producerName": "pFriem",
        "beverageName": "Pilsner",
        "beverageColor": "#F2E352",
        "beverageStyle": "Pilsner",
        "producerLocation": "Hood River, OR",
        "abv": 4,
        "ibu": 35,
        "logo": "https://s3.amazonaws.com/digitalpourbeveragelogos/518967d8fb890c111807def7.png",
        "level": 70.27027027027027
    },
    {
        "name": "beer",
        "producerName": "Sunriver",
        "beverageName": "Rippin Pale Ale",
        "beverageColor": "#FFE800",
        "beverageStyle": "Pale Ale",
        "producerLocation": "Sunriver, OR",
        "abv": 6,
        "ibu": null,
        "logo": "https://s3.amazonaws.com/digitalpourproducerlogos/5421c41dfb890e0808aeaef5.png",
        "level": 54.054054054054056
    },
    {
        "name": "beer",
        "producerName": "Boss Rambler",
        "beverageName": "Pureé Vida",
        "beverageColor": "#F4F460",
        "beverageStyle": "Berliner Weisse Fruited",
        "producerLocation": "Bend, OR",
        "abv": 5,
        "ibu": null,
        "logo": "https://s3.amazonaws.com/digitalpourproducerlogos/5b663ed7352726062026e68d.png",
        "level": 21.62162162162162
    },
    {
        "name": "beer",
        "producerName": "Sunriver",
        "beverageName": "Deseo",
        "beverageColor": "#EBDE5E",
        "beverageStyle": "Mexican-Style Lager",
        "producerLocation": "Sunriver, OR",
        "abv": 5,
        "ibu": null,
        "logo": "https://s3.amazonaws.com/digitalpourproducerlogos/5421c41dfb890e0808aeaef5.png",
        "level": 97.2972972972973
    },
    {
        "name": "softDrink",
        "producerName": "Boneyard",
        "beverageName": "Lemon Ginger CBD Elixir Soda",
        "beverageColor": "#FAE725",
        "beverageStyle": "25mg of CBD per 12oz  CBD Soda",
        "producerLocation": "Bend, OR",
        "abv": null,
        "ibu": null,
        "logo": "https://s3.amazonaws.com/digitalpourbeveragelogos/5b6a045735272603b840876f.png",
        "level": 81.08108108108108
    },
    {
        "name": "beer",
        "producerName": "Lost Coast",
        "beverageName": "Tangerine Wheat",
        "beverageColor": "#EDAD27",
        "beverageStyle": "Wheat Ale",
        "producerLocation": "Eureka, CA",
        "abv": 5,
        "ibu": 15,
        "logo": "https://s3.amazonaws.com/digitalpourproducerlogos/501233839294c3198c3fd2ea.png",
        "level": 81.08108108108108
    },
    {
        "name": "beer",
        "producerName": "Boneyard",
        "beverageName": "Diablo Rojo",
        "beverageColor": "#A83E08",
        "beverageStyle": "Red Ale",
        "producerLocation": "Bend, OR",
        "abv": 5,
        "ibu": 30,
        "logo": "https://s3.amazonaws.com/digitalpourbeveragelogos/501234a89294c3198c3fd6e2.png",
        "level": 29.72972972972973
    },
    {
        "name": "beer",
        "producerName": "Chuckanut",
        "beverageName": "Kölsch",
        "beverageColor": "#F0DD26",
        "beverageStyle": "Kölsch",
        "producerLocation": "Bellingham, WA",
        "abv": 4,
        "ibu": 20,
        "logo": "https://s3.amazonaws.com/digitalpourbeveragelogos/53366ef8fb890c0f78636f86.png",
        "level": 37.83783783783784
    },
    {
        "name": "beer",
        "producerName": "North Coast",
        "beverageName": "Old Stock - Cellar Reserve 2017",
        "beverageColor": "#7A3911",
        "beverageStyle": "Barrel Aged Vintage Old Ale - Barrel Aged (Bourbon)",
        "producerLocation": "Fort Bragg, CA",
        "abv": 13,
        "ibu": null,
        "logo": "https://s3.amazonaws.com/digitalpourproducerlogos/501233799294c3198c3fd288.png",
        "level": 83.78378378378379
    },
    {
        "name": "beer",
        "producerName": "Schofferhofer",
        "beverageName": "Grapefruit Hefeweizen",
        "beverageColor": "#F59033",
        "beverageStyle": "Hefeweizen w/ Grapefruit Juice",
        "producerLocation": "Frankfurt, Germany",
        "abv": 2,
        "ibu": null,
        "logo": "https://s3.amazonaws.com/digitalpourbeveragelogos/58daf0ca5e002c14e82e1dc4.png",
        "level": 70.27027027027027
    },
    {
        "name": "beer",
        "producerName": "Mac & Jack's",
        "beverageName": "African Amber",
        "beverageColor": "#BF621B",
        "beverageStyle": "Amber Ale",
        "producerLocation": "Redmond, WA",
        "abv": 5,
        "ibu": 30,
        "logo": "https://s3.amazonaws.com/digitalpourproducerlogos/515884f2fb890c0fc4ded1a8.png",
        "level": 64.86486486486487
    },
    {
        "name": "beer",
        "producerName": "Sunriver",
        "beverageName": "Fuzztail Hefeweizen",
        "beverageColor": "#EFEF07",
        "beverageStyle": "American Hefeweizen",
        "producerLocation": "Sunriver, OR",
        "abv": 5,
        "ibu": 20,
        "logo": "https://s3.amazonaws.com/digitalpourbeveragelogos/555fa8fc5e002c0640d43749.jpeg",
        "level": 16.216216216216218
    },
    {
        "name": "cider",
        "producerName": "Portland Cider Co",
        "beverageName": "Peach Berry",
        "beverageColor": "#FF507A",
        "beverageStyle": "Cider",
        "producerLocation": "Clackamas, OR",
        "abv": 5,
        "ibu": null,
        "logo": "https://s3.amazonaws.com/digitalpourproducerlogos/59b995ab5e002c0af0c7b4c1.PNG",
        "level": 37.83783783783784
    },
    {
        "name": "cider",
        "producerName": "Bauman's",
        "beverageName": "Loganberry",
        "beverageColor": "#8A084D",
        "beverageStyle": "Berry Cider",
        "producerLocation": "Gervais, OR",
        "abv": 6,
        "ibu": null,
        "logo": "https://s3.amazonaws.com/digitalpourproducerlogos/56d0dc365e002c0d50421cd3.png",
        "level": 2.7027027027027026
    },
    {
        "name": "cider",
        "producerName": "Portland",
        "beverageName": "Pineapple Rosé",
        "beverageColor": "#F29494",
        "beverageStyle": "Cider w/ Pineapple & Blueberries",
        "producerLocation": "Clackamas, OR",
        "abv": 5,
        "ibu": null,
        "logo": "https://s3.amazonaws.com/digitalpourproducerlogos/59b995ab5e002c0af0c7b4c1.PNG",
        "level": 81.08108108108108
    },
    {
        "name": "cider",
        "producerName": "Ciderboys",
        "beverageName": "Strawberry Magic",
        "beverageColor": "#F37A7D",
        "beverageStyle": "Strawberry Cider",
        "producerLocation": "Stevens Point, WI",
        "abv": 5,
        "ibu": null,
        "logo": "https://s3.amazonaws.com/digitalpourbeveragelogos/55eaefd65e002c08b4b4845f.png",
        "level": 83.78378378378379
    },
    {
        "name": "beer",
        "producerName": "Sunriver",
        "beverageName": "Cocoa Cow",
        "beverageColor": "#211208",
        "beverageStyle": "Milk Stout w/ Cocoa nibs *Contains Lactose",
        "producerLocation": "Sunriver, OR",
        "abv": 7,
        "ibu": 28,
        "logo": "https://s3.amazonaws.com/digitalpourproducerlogos/5421c41dfb890e0808aeaef5.png",
        "level": 16.216216216216218
    },
    {
        "name": "beer",
        "producerName": "Ecliptic",
        "beverageName": "Capella",
        "beverageColor": "#211102",
        "beverageStyle": "Porter",
        "producerLocation": "Portland, OR",
        "abv": 5,
        "ibu": 39,
        "logo": "https://s3.amazonaws.com/digitalpourbeveragelogos/57609f585e002c0b5417c1aa.png",
        "level": 24.324324324324326
    },
    {
        "name": "beer",
        "producerName": "Crux",
        "beverageName": "Stout (Nitro)",
        "beverageColor": "#190E03",
        "beverageStyle": "American Stout",
        "producerLocation": "Bend, OR",
        "abv": 7,
        "ibu": 60,
        "logo": "https://s3.amazonaws.com/digitalpourproducerlogos/50b6719bfb890c045804f672.png",
        "level": 2.7027027027027026
    },
    {
        "name": "beer",
        "producerName": "Lindemans",
        "beverageName": "Framboise",
        "beverageColor": "#EB1923",
        "beverageStyle": "Raspberry Lambic",
        "producerLocation": "Vlezenbeek, Belgium",
        "abv": 2,
        "ibu": 12,
        "logo": "https://s3.amazonaws.com/digitalpourbeveragelogos/5511adabb3b6f60ea02431d8.png",
        "level": 100
    },
    {
        "name": "wine",
        "producerName": "Volcano",
        "beverageName": "Peach Sangria",
        "beverageColor": "#F2937C",
        "beverageStyle": "",
        "producerLocation": "",
        "abv": 6,
        "ibu": null,
        "logo": "https://s3.amazonaws.com/digitalpourbeveragelogos/586d55605e002c0a60819fa1.png",
        "level": 94.5945945945946
    },
    {
        "name": "wine",
        "producerName": "Wine By Joe",
        "beverageName": "Rose'",
        "beverageColor": "#F77272",
        "beverageStyle": "",
        "producerLocation": "USA",
        "abv": 13,
        "ibu": null,
        "logo": "https://s3.amazonaws.com/digitalpourproducerlogos/586d64075e002c0a6081a345.png",
        "level": 89.1891891891892
    },
    {
        "name": "wine",
        "producerName": "Maryhill",
        "beverageName": "Pinot Gris",
        "beverageColor": "#FEF46E",
        "beverageStyle": "",
        "producerLocation": "USA",
        "abv": 13,
        "ibu": null,
        "logo": "https://s3.amazonaws.com/digitalpourproducerlogos/5a2b02515e002d0f80c6e3af.png",
        "level": 72.97297297297297
    },
    {
        "name": "wine",
        "producerName": "Lunetta",
        "beverageName": "Prosecco",
        "beverageColor": "#FFFE04",
        "beverageStyle": "",
        "producerLocation": "Italy",
        "abv": 12,
        "ibu": null,
        "logo": "https://s3.amazonaws.com/digitalpourproducerlogos/586db7605e002c08c4269583.png",
        "level": 2.7027027027027026
    },
    {
        "name": "wine",
        "producerName": "Coopers Hall",
        "beverageName": "Cascade Red Wine Blend",
        "beverageColor": "#6B0536",
        "beverageStyle": "",
        "producerLocation": "USA",
        "abv": 12,
        "ibu": null,
        "logo": "https://s3.amazonaws.com/digitalpourproducerlogos/586d671a5e002c091017521e.png",
        "level": 21.62162162162162
    },
    {
        "name": "softDrink",
        "producerName": "Ablis",
        "beverageName": "Strawberry Mojito",
        "beverageColor": "#F2A586",
        "beverageStyle": "CBD Soda",
        "producerLocation": "Bend, OR",
        "abv": null,
        "ibu": null,
        "logo": "https://s3.amazonaws.com/digitalpourproducerlogos/596673705e002c02acd05d25.png",
        "level": 40.54054054054054
    },
    {
        "name": "kombucha",
        "producerName": "Soma",
        "beverageName": "Strawberry CBD Kombucha",
        "beverageColor": "#C1C219",
        "beverageStyle": "Kombucha 10 Mg per 16 oz",
        "producerLocation": "Portland, Or",
        "abv": 0,
        "ibu": null,
        "logo": "https://s3.amazonaws.com/digitalpourproducerlogos/5567872d5e002c0e60ae5d83.png",
        "level": 97.2972972972973
    },
    {
        "name": "kombucha",
        "producerName": "Humm",
        "beverageName": "Coconut Lime",
        "beverageColor": "#C1C219",
        "beverageStyle": "Kombucha",
        "producerLocation": "Bend, OR",
        "abv": 0,
        "ibu": null,
        "logo": "https://s3.amazonaws.com/digitalpourproducerlogos/528ee297df752b2e643fe5ff.png",
        "level": 100
    },
    {
        "name": "kombucha",
        "producerName": "Happy Mountain",
        "beverageName": "Huckleberry",
        "beverageColor": "#BFF246",
        "beverageStyle": "Kombucha",
        "producerLocation": "Portland, OR",
        "abv": null,
        "ibu": null,
        "logo": "https://s3.amazonaws.com/digitalpourproducerlogos/535dc840fb890c0924b1da3f.png",
        "level": 13.513513513513514
    }
]