[
    {
        "id": 0,
        "name": "YFIDAO/USDT",
        "code": "0x4c46bba50f74027ba1b5e2a87b8492faf7455eb6",
        "token1": "0x55d398326f99059ff775485246999027b3197955",
        "token2": "0x6a131b0688781263f26fd3116b2c2f2123e5d974",
        "userToken1": "",
        "userToken2": "",
        "icon": "",
        "icons": "",
        "counts": "",
        "Pending": "",
        "lPdata": "",
        "show": 0,
        "wenbi": 0,
        "lPdataToken1": "",
        "lPdataToken2": "",
        "binsShow": false,
        "bianes": "",
        "LpList": "1098",
        "pron1": "",
        "pron2": "250x",
        "pid": 0,
        "sbuer": "",
        "inputValue": ""
    },
    {
        "id": 1,
        "name": "YFIDAO/USDT",
        "code": "0x576c9d3f16e59fa630e9c81f9ebe7ca15bb63a82",
        "token1": "0x55d398326f99059ff775485246999027b3197955",
        "token2": "0x7377b5dfb1fab3bc1af7cc196dce74f71da8f55c",
        "userToken1": "",
        "userToken2": "",
        "icon": "",
        "icons": "",
        "counts": "",
        "Pending": "",
        "lPdata": "",
        "show": 0,
        "wenbi": 0,
        "lPdataToken1": "",
        "lPdataToken2": "",
        "binsShow": false,
        "bianes": "",
        "LpList": "1098",
        "pron1": "",
        "pron2": "250x",
        "pid": 1,
        "sbuer": "",
        "inputValue": ""
    },
    {
        "id": 2,
        "name": "ONE/USDT",
        "code": "0x63428bc8c04e61d8e0f38b4cb5a3303d7f08d8bc",
        "token1": "0x55d398326f99059ff775485246999027b3197955",
        "token2": "0xa2d8f0cfb3b350cca24e1502828f30655b11d036",
        "userToken1": "",
        "userToken2": "",
        "icon": "",
        "icons": "",
        "counts": "",
        "Pending": "",
        "lPdata": "",
        "show": 0,
        "wenbi": 0,
        "lPdataToken1": "",
        "lPdataToken2": "",
        "binsShow": false,
        "bianes": "",
        "LpList": "1098",
        "pron1": "",
        "pron2": "250x",
        "pid": 2,
        "sbuer": "",
        "inputValue": ""
    }
]