{
  "usingComponents": {
    "van-nav-bar": "@vant/weapp/nav-bar/index",
    "van-cell": "@vant/weapp/cell/index",
    "van-cell-group": "@vant/weapp/cell-group/index",
    "van-popup": "@vant/weapp/popup/index",
    "van-collapse": "@vant/weapp/collapse/index",
    "van-collapse-item": "@vant/weapp/collapse-item/index",
    "van-icon": "@vant/weapp/icon/index",
    "van-picker": "@vant/weapp/picker/index",
    "van-dialog": "@vant/weapp/dialog/index",
    "van-checkbox": "@vant/weapp/checkbox/index",
    "van-checkbox-group": "@vant/weapp/checkbox-group/index",
    "van-toast": "@vant/weapp/toast/index"
  }
}