{
  "tokens": [
    {
      "name": "WBNB Token",
      "symbol": "WBNB",
      "address": "0x0dE8FCAE8421fc79B29adE9ffF97854a424Cad09",
      "chainId": 97,
      "decimals": 18,
      "logoURI": "https://exchange.pancakeswap.finance/images/coins/0xbb4cdb9cbd36b01bd1cbaebf2de08d9173bc095c.png",
      "buing":""
    },
    {
      "name": "Bakery Token",
      "symbol": "BAKE",
      "address": "0xb289b361a633A9D2b0B39BAE76BB458d83f58CEC",
      "chainId": 97,
      "decimals": 18,
      "logoURI": "https://exchange.pancakeswap.finance/images/coins/0xe02df9e3e622debdd69fb838bb799e3f168902c5.png",
      "buing":""
    },
    {
      "name": "BUSD Token",
      "symbol": "BUSD",
      "address": "0xE0dFffc2E01A7f051069649aD4eb3F518430B6a4",
      "chainId": 97,
      "decimals": 18,
      "logoURI": "https://exchange.pancakeswap.finance/images/coins/0xe9e7cea3dedca5984780bafc599bd69add087d56.png",
      "buing":""
    },
    {
      "name": "Ethereum Token",
      "symbol": "ETH",
      "address": "0xE282a15DBad45e3131620C1b8AF85B7330Cb3b4B",
      "chainId": 97,
      "decimals": 18,
      "logoURI": "https://exchange.pancakeswap.finance/images/coins/0x2170ed0880ac9a755fd29b2688956bd959f933f8.png",
      "buing":""
    },
    {
      "name": "Tether USD",
      "symbol": "USDT",
      "address": "0x7afd064DaE94d73ee37d19ff2D264f5A2903bBB0",
      "chainId": 97,
      "decimals": 18,
      "logoURI": "https://exchange.pancakeswap.finance/images/coins/0x55d398326f99059ff775485246999027b3197955.png",
      "buing":""
    },
    {
      "name": "XRP Token",
      "symbol": "XRP",
      "address": "0x3833B175Af1900b457cf83B839727AF6C9cF0bEe",
      "chainId": 97,
      "decimals": 18,
      "logoURI": "https://exchange.pancakeswap.finance/images/coins/0x1d2f0da169ceb9fc7b3144628db156f3f6c60dbe.png",
      "buing":""
    },
    {
      "name": "Dai Token",
      "symbol": "DAI",
      "address": "0x3Cf204795c4995cCf9C1a0B3191F00c01B03C56C",
      "chainId": 97,
      "decimals": 18,
      "logoURI": "https://exchange.pancakeswap.finance/images/coins/0x1af3f329e8be154074d8769d1ffa4ee058b1dbc3.png",
      "buing":""
    },
    {
      "name": "PancakeSwap Token",
      "symbol": "CAKE",
      "address": "0xB8F5B50ed77596b5E638359d828000747bb3dd89",
      "chainId": 97,
      "decimals": 18,
      "logoURI": "https://exchange.pancakeswap.finance/images/coins/0x0e09fabb73bd3ade0a17ecc321fd13a19e81ce82.png",
      "buing":""
    },
    {
      "name": "Athena Coin",
      "symbol": "AC",
      "address": "0xd0E8c17DA43B87a1e80228CBDB3b218A07A7f6e9",
      "chainId": 97,
      "decimals": 18,
      "logoURI": "https://exchange.pancakeswap.finance/images/coins/0xd0e8c17da43b87a1e80228cbdb3b218a07a7f6e9.png",
      "buing":""
    }
  ]
}