{
  "description": "项目配置文件",
  "packOptions": {
    "ignore": [],
    "include": []
  },
  "miniprogramRoot": "miniprogram/",
  "compileType": "miniprogram",
  "projectname": "ts-demo",
  "setting": {
    "useCompilerPlugins": [
      "typescript"
    ],
    "babelSetting": {
      "ignore": [],
      "disablePlugins": [],
      "outputPath": ""
    },
    "es6": true,
    "enhance": true
  },
  "simulatorType": "wechat",
  "simulatorPluginLibVersion": {},
  "condition": {},
  "srcMiniprogramRoot": "miniprogram/",
  "appid": "wxde4cea9f822e8652",
  "libVersion": "2.25.3",
  "editorSetting": {
    "tabIndent": "insertSpaces",
    "tabSize": 2
  },
  "packNpmManually": true,
  "packNpmRelationList": [
    {
      "packageJsonPath": "./package.json",
      "miniprogramNpmDistDir": "./"
    }
  ]
}