[
    {
        "name":"Standard",
        "desc":"Mint standard tokens on ETH, BSC, AVAX, Fantom, Polygon"
    },
    {
        "name":"Deflationary",
        "desc":"Generate deflationary tokens with tax and/or charity functions"
    },
    {
        "name":"Customization",
        "desc":"Create a token sale for your own custom token easily"
    },
    {
        "name":"Launchpad",
        "desc":"Use the token you mint to create a launchpad with just a few clicks"
    },
    {
        "name":"Branding",
        "desc":"Adding logo, social links, description, listing on MAYA"
    },
    {
        "name":"Management",
        "desc":"The portal to help you easily update content for your launchpad"
    },
    {
        "name":"Community",
        "desc":"Promote your launchpad to thousands of buyers on MAYA"
    },
    {
        "name":"Locking",
        "desc":"Lock your liquidity to MAYASwap, PancakeSwap after presale"
    }
]