[{
    "anonymous": false,
    "inputs": [{
        "indexed": true,
        "internalType": "address",
        "name": "_invitee",
        "type": "address"
    }, {
        "indexed": true,
        "internalType": "address",
        "name": "_inviter",
        "type": "address"
    }],
    "name": "Bind",
    "type": "event"
}, {
    "anonymous": false,
    "inputs": [{
        "indexed": true,
        "internalType": "address",
        "name": "previousOwner",
        "type": "address"
    }, {
        "indexed": true,
        "internalType": "address",
        "name": "newOwner",
        "type": "address"
    }],
    "name": "OwnershipTransferred",
    "type": "event"
}, {
    "anonymous": false,
    "inputs": [{
        "indexed": true,
        "internalType": "address",
        "name": "_invitee",
        "type": "address"
    }, {
        "indexed": true,
        "internalType": "address",
        "name": "_inviter",
        "type": "address"
    }],
    "name": "ResetReferrals",
    "type": "event"
}, {
    "inputs": [{
        "internalType": "address",
        "name": "",
        "type": "address"
    }, {
        "internalType": "uint256",
        "name": "",
        "type": "uint256"
    }],
    "name": "InviteeAddress",
    "outputs": [{
        "internalType": "address",
        "name": "",
        "type": "address"
    }],
    "stateMutability": "view",
    "type": "function"
}, {
    "inputs": [{
        "internalType": "address",
        "name": "_inviter",
        "type": "address"
    }],
    "name": "bind",
    "outputs": [],
    "stateMutability": "nonpayable",
    "type": "function"
}, {
    "inputs": [{
        "internalType": "address",
        "name": "_addr",
        "type": "address"
    }],
    "name": "getMyInviteeAddress",
    "outputs": [{
        "internalType": "address[]",
        "name": "",
        "type": "address[]"
    }],
    "stateMutability": "view",
    "type": "function"
}, {
    "inputs": [{
        "internalType": "address",
        "name": "_addr",
        "type": "address"
    }],
    "name": "getMyInviter",
    "outputs": [{
        "internalType": "address",
        "name": "",
        "type": "address"
    }],
    "stateMutability": "view",
    "type": "function"
}, {
    "inputs": [],
    "name": "owner",
    "outputs": [{
        "internalType": "address",
        "name": "",
        "type": "address"
    }],
    "stateMutability": "view",
    "type": "function"
}, {
    "inputs": [{
        "internalType": "address",
        "name": "",
        "type": "address"
    }],
    "name": "referrals",
    "outputs": [{
        "internalType": "address",
        "name": "",
        "type": "address"
    }],
    "stateMutability": "view",
    "type": "function"
}, {
    "inputs": [],
    "name": "renounceOwnership",
    "outputs": [],
    "stateMutability": "nonpayable",
    "type": "function"
}, {
    "inputs": [{
        "internalType": "address",
        "name": "_invitee",
        "type": "address"
    }, {
        "internalType": "address",
        "name": "_newInviter",
        "type": "address"
    }],
    "name": "resetReferrals",
    "outputs": [],
    "stateMutability": "nonpayable",
    "type": "function"
}, {
    "inputs": [{
        "internalType": "address",
        "name": "newOwner",
        "type": "address"
    }],
    "name": "transferOwnership",
    "outputs": [],
    "stateMutability": "nonpayable",
    "type": "function"
}]