[{
    "inputs": [{
        "internalType": "address",
        "name": "_rewardToken",
        "type": "address"
    }, {
        "internalType": "uint8",
        "name": "_rewardTokenDecimals",
        "type": "uint8"
    }, {
        "internalType": "address",
        "name": "_inviteContract",
        "type": "address"
    }],
    "stateMutability": "nonpayable",
    "type": "constructor"
}, {
    "anonymous": false,
    "inputs": [{
        "indexed": true,
        "internalType": "address",
        "name": "user",
        "type": "address"
    }, {
        "indexed": true,
        "internalType": "uint256",
        "name": "pid",
        "type": "uint256"
    }, {
        "indexed": false,
        "internalType": "uint256",
        "name": "amount",
        "type": "uint256"
    }],
    "name": "Claim",
    "type": "event"
}, {
    "anonymous": false,
    "inputs": [{
        "indexed": true,
        "internalType": "address",
        "name": "user",
        "type": "address"
    }, {
        "indexed": true,
        "internalType": "uint256",
        "name": "pid",
        "type": "uint256"
    }, {
        "indexed": false,
        "internalType": "uint256",
        "name": "amount",
        "type": "uint256"
    }],
    "name": "Deposit",
    "type": "event"
}, {
    "anonymous": false,
    "inputs": [{
        "indexed": true,
        "internalType": "address",
        "name": "user",
        "type": "address"
    }, {
        "indexed": true,
        "internalType": "uint256",
        "name": "pid",
        "type": "uint256"
    }, {
        "indexed": false,
        "internalType": "uint256",
        "name": "amount",
        "type": "uint256"
    }],
    "name": "EmergencyWithdraw",
    "type": "event"
}, {
    "anonymous": false,
    "inputs": [{
        "indexed": true,
        "internalType": "address",
        "name": "previousOwner",
        "type": "address"
    }, {
        "indexed": true,
        "internalType": "address",
        "name": "newOwner",
        "type": "address"
    }],
    "name": "OwnershipTransferred",
    "type": "event"
}, {
    "anonymous": false,
    "inputs": [{
        "indexed": true,
        "internalType": "address",
        "name": "user",
        "type": "address"
    }, {
        "indexed": true,
        "internalType": "uint256",
        "name": "pid",
        "type": "uint256"
    }, {
        "indexed": false,
        "internalType": "uint256",
        "name": "amount",
        "type": "uint256"
    }],
    "name": "Withdraw",
    "type": "event"
}, {
    "inputs": [],
    "name": "OpenEmergencyWithdraw",
    "outputs": [{
        "internalType": "bool",
        "name": "",
        "type": "bool"
    }],
    "stateMutability": "view",
    "type": "function"
}, {
    "inputs": [{
        "internalType": "contract IERC20",
        "name": "_lpToken",
        "type": "address"
    }, {
        "internalType": "uint256",
        "name": "_tokenPerBlock",
        "type": "uint256"
    }, {
        "internalType": "uint256",
        "name": "_threshold",
        "type": "uint256"
    }, {
        "internalType": "uint256",
        "name": "_thresholdRateDenominator",
        "type": "uint256"
    }],
    "name": "add",
    "outputs": [],
    "stateMutability": "nonpayable",
    "type": "function"
}, {
    "inputs": [],
    "name": "bonusPerReferral",
    "outputs": [{
        "internalType": "uint256",
        "name": "",
        "type": "uint256"
    }],
    "stateMutability": "view",
    "type": "function"
}, {
    "inputs": [{
        "internalType": "uint256",
        "name": "_pid",
        "type": "uint256"
    }],
    "name": "claim",
    "outputs": [],
    "stateMutability": "nonpayable",
    "type": "function"
}, {
    "inputs": [{
        "internalType": "uint256",
        "name": "",
        "type": "uint256"
    }],
    "name": "currentAccTokenPerShare",
    "outputs": [{
        "internalType": "uint256",
        "name": "",
        "type": "uint256"
    }],
    "stateMutability": "view",
    "type": "function"
}, {
    "inputs": [{
        "internalType": "uint256",
        "name": "_pid",
        "type": "uint256"
    }, {
        "internalType": "uint256",
        "name": "_amount",
        "type": "uint256"
    }, {
        "internalType": "uint256",
        "name": "_depositDays",
        "type": "uint256"
    }],
    "name": "deposit",
    "outputs": [],
    "stateMutability": "nonpayable",
    "type": "function"
}, {
    "inputs": [],
    "name": "duration",
    "outputs": [{
        "internalType": "uint256",
        "name": "",
        "type": "uint256"
    }],
    "stateMutability": "view",
    "type": "function"
}, {
    "inputs": [{
        "internalType": "uint256",
        "name": "_pid",
        "type": "uint256"
    }],
    "name": "emergencyWithdraw",
    "outputs": [],
    "stateMutability": "nonpayable",
    "type": "function"
}, {
    "inputs": [],
    "name": "enableContract",
    "outputs": [{
        "internalType": "bool",
        "name": "",
        "type": "bool"
    }],
    "stateMutability": "view",
    "type": "function"
}, {
    "inputs": [{
        "internalType": "uint256",
        "name": "_pid",
        "type": "uint256"
    }, {
        "internalType": "address",
        "name": "_user",
        "type": "address"
    }],
    "name": "getAllowedWithdrawAmount",
    "outputs": [{
        "internalType": "uint256",
        "name": "amount",
        "type": "uint256"
    }],
    "stateMutability": "view",
    "type": "function"
}, {
    "inputs": [],
    "name": "inviteContract",
    "outputs": [{
        "internalType": "contract IInviteContract",
        "name": "",
        "type": "address"
    }],
    "stateMutability": "view",
    "type": "function"
}, {
    "inputs": [{
        "internalType": "uint256",
        "name": "_pid",
        "type": "uint256"
    }, {
        "internalType": "address",
        "name": "_user",
        "type": "address"
    }],
    "name": "judgmentThreshold",
    "outputs": [{
        "internalType": "bool",
        "name": "isReached",
        "type": "bool"
    }],
    "stateMutability": "view",
    "type": "function"
}, {
    "inputs": [{
        "internalType": "uint256",
        "name": "_pid",
        "type": "uint256"
    }, {
        "internalType": "address",
        "name": "_user",
        "type": "address"
    }],
    "name": "myReferralReward",
    "outputs": [{
        "internalType": "uint256",
        "name": "totalReferralBonus",
        "type": "uint256"
    }],
    "stateMutability": "view",
    "type": "function"
}, {
    "inputs": [],
    "name": "owner",
    "outputs": [{
        "internalType": "address",
        "name": "",
        "type": "address"
    }],
    "stateMutability": "view",
    "type": "function"
}, {
    "inputs": [{
        "internalType": "uint256",
        "name": "_pid",
        "type": "uint256"
    }, {
        "internalType": "address",
        "name": "_user",
        "type": "address"
    }],
    "name": "pendingReward",
    "outputs": [{
        "internalType": "uint256",
        "name": "totalPending",
        "type": "uint256"
    }],
    "stateMutability": "view",
    "type": "function"
}, {
    "inputs": [{
        "internalType": "contract IERC20",
        "name": "",
        "type": "address"
    }],
    "name": "poolExistence",
    "outputs": [{
        "internalType": "bool",
        "name": "",
        "type": "bool"
    }],
    "stateMutability": "view",
    "type": "function"
}, {
    "inputs": [{
        "internalType": "uint256",
        "name": "",
        "type": "uint256"
    }],
    "name": "poolInfo",
    "outputs": [{
        "internalType": "contract IERC20",
        "name": "lpToken",
        "type": "address"
    }, {
        "internalType": "uint256",
        "name": "tokenPerBlock",
        "type": "uint256"
    }, {
        "internalType": "uint256",
        "name": "threshold",
        "type": "uint256"
    }, {
        "internalType": "uint256",
        "name": "thresholdRateDenominator",
        "type": "uint256"
    }, {
        "internalType": "uint256",
        "name": "accTokenPerShare",
        "type": "uint256"
    }, {
        "internalType": "uint256",
        "name": "lastUpdateBlock",
        "type": "uint256"
    }],
    "stateMutability": "view",
    "type": "function"
}, {
    "inputs": [],
    "name": "poolLength",
    "outputs": [{
        "internalType": "uint256",
        "name": "",
        "type": "uint256"
    }],
    "stateMutability": "view",
    "type": "function"
}, {
    "inputs": [{
        "internalType": "uint256",
        "name": "_pid",
        "type": "uint256"
    }],
    "name": "receiveMyReferralReward",
    "outputs": [],
    "stateMutability": "nonpayable",
    "type": "function"
}, {
    "inputs": [],
    "name": "referralRateDenominator",
    "outputs": [{
        "internalType": "uint256",
        "name": "",
        "type": "uint256"
    }],
    "stateMutability": "view",
    "type": "function"
}, {
    "inputs": [],
    "name": "renounceOwnership",
    "outputs": [],
    "stateMutability": "nonpayable",
    "type": "function"
}, {
    "inputs": [],
    "name": "retrieve",
    "outputs": [],
    "stateMutability": "nonpayable",
    "type": "function"
}, {
    "inputs": [],
    "name": "rewardToken",
    "outputs": [{
        "internalType": "address",
        "name": "",
        "type": "address"
    }],
    "stateMutability": "view",
    "type": "function"
}, {
    "inputs": [],
    "name": "rewardTokenDecimals",
    "outputs": [{
        "internalType": "uint256",
        "name": "",
        "type": "uint256"
    }],
    "stateMutability": "view",
    "type": "function"
}, {
    "inputs": [{
        "internalType": "uint256",
        "name": "_pid",
        "type": "uint256"
    }, {
        "internalType": "contract IERC20",
        "name": "_newLpToken",
        "type": "address"
    }, {
        "internalType": "uint256",
        "name": "_tokenPerBlock",
        "type": "uint256"
    }, {
        "internalType": "uint256",
        "name": "_threshold",
        "type": "uint256"
    }, {
        "internalType": "uint256",
        "name": "_thresholdRateDenominator",
        "type": "uint256"
    }],
    "name": "set",
    "outputs": [],
    "stateMutability": "nonpayable",
    "type": "function"
}, {
    "inputs": [{
        "internalType": "uint256",
        "name": "_value",
        "type": "uint256"
    }],
    "name": "setDuration",
    "outputs": [],
    "stateMutability": "nonpayable",
    "type": "function"
}, {
    "inputs": [{
        "internalType": "bool",
        "name": "_value",
        "type": "bool"
    }],
    "name": "setEnableContract",
    "outputs": [],
    "stateMutability": "nonpayable",
    "type": "function"
}, {
    "inputs": [{
        "internalType": "address",
        "name": "_inviteContract",
        "type": "address"
    }],
    "name": "setInviteContract",
    "outputs": [],
    "stateMutability": "nonpayable",
    "type": "function"
}, {
    "inputs": [{
        "internalType": "bool",
        "name": "_value",
        "type": "bool"
    }],
    "name": "setOpenEmergencyWithdraw",
    "outputs": [],
    "stateMutability": "nonpayable",
    "type": "function"
}, {
    "inputs": [{
        "internalType": "uint256",
        "name": "_value",
        "type": "uint256"
    }],
    "name": "setReferralBonus",
    "outputs": [],
    "stateMutability": "nonpayable",
    "type": "function"
}, {
    "inputs": [{
        "internalType": "uint256",
        "name": "_value",
        "type": "uint256"
    }],
    "name": "setReferralRateDenominator",
    "outputs": [],
    "stateMutability": "nonpayable",
    "type": "function"
}, {
    "inputs": [{
        "internalType": "address",
        "name": "_newRewardToken",
        "type": "address"
    }],
    "name": "setRewardAddress",
    "outputs": [],
    "stateMutability": "nonpayable",
    "type": "function"
}, {
    "inputs": [{
        "internalType": "uint8",
        "name": "_decimals",
        "type": "uint8"
    }],
    "name": "setRewardTokenDecimals",
    "outputs": [],
    "stateMutability": "nonpayable",
    "type": "function"
}, {
    "inputs": [{
        "internalType": "address",
        "name": "newOwner",
        "type": "address"
    }],
    "name": "transferOwnership",
    "outputs": [],
    "stateMutability": "nonpayable",
    "type": "function"
}, {
    "inputs": [{
        "internalType": "uint256",
        "name": "",
        "type": "uint256"
    }, {
        "internalType": "address",
        "name": "",
        "type": "address"
    }],
    "name": "userInfo",
    "outputs": [{
        "internalType": "uint256",
        "name": "totalDepositAmount",
        "type": "uint256"
    }, {
        "internalType": "uint256",
        "name": "totalMintAmount",
        "type": "uint256"
    }, {
        "internalType": "uint256",
        "name": "receivedReferralReward",
        "type": "uint256"
    }],
    "stateMutability": "view",
    "type": "function"
}, {
    "inputs": [{
        "internalType": "uint256",
        "name": "_pid",
        "type": "uint256"
    }],
    "name": "withdraw",
    "outputs": [],
    "stateMutability": "nonpayable",
    "type": "function"
}]