[{
    "inputs": [{
        "internalType": "address",
        "name": "_rewardToken",
        "type": "address"
    }, {
        "internalType": "uint256",
        "name": "_ywtPerDay",
        "type": "uint256"
    }],
    "stateMutability": "nonpayable",
    "type": "constructor"
}, {
    "anonymous": false,
    "inputs": [{
        "indexed": true,
        "internalType": "address",
        "name": "user",
        "type": "address"
    }, {
        "indexed": true,
        "internalType": "uint256",
        "name": "pid",
        "type": "uint256"
    }],
    "name": "Claim",
    "type": "event"
}, {
    "anonymous": false,
    "inputs": [{
        "indexed": true,
        "internalType": "address",
        "name": "user",
        "type": "address"
    }, {
        "indexed": true,
        "internalType": "uint256",
        "name": "pid",
        "type": "uint256"
    }, {
        "indexed": false,
        "internalType": "uint256",
        "name": "amount",
        "type": "uint256"
    }],
    "name": "Deposit",
    "type": "event"
}, {
    "anonymous": false,
    "inputs": [{
        "indexed": true,
        "internalType": "address",
        "name": "user",
        "type": "address"
    }, {
        "indexed": true,
        "internalType": "uint256",
        "name": "pid",
        "type": "uint256"
    }, {
        "indexed": false,
        "internalType": "uint256",
        "name": "amount",
        "type": "uint256"
    }],
    "name": "EmergencyWithdraw",
    "type": "event"
}, {
    "anonymous": false,
    "inputs": [{
        "indexed": true,
        "internalType": "address",
        "name": "previousOwner",
        "type": "address"
    }, {
        "indexed": true,
        "internalType": "address",
        "name": "newOwner",
        "type": "address"
    }],
    "name": "OwnershipTransferred",
    "type": "event"
}, {
    "anonymous": false,
    "inputs": [{
        "indexed": true,
        "internalType": "address",
        "name": "user",
        "type": "address"
    }, {
        "indexed": false,
        "internalType": "uint256",
        "name": "goosePerBlock",
        "type": "uint256"
    }],
    "name": "UpdateReleaseRate",
    "type": "event"
}, {
    "anonymous": false,
    "inputs": [{
        "indexed": true,
        "internalType": "address",
        "name": "user",
        "type": "address"
    }, {
        "indexed": true,
        "internalType": "uint256",
        "name": "pid",
        "type": "uint256"
    }, {
        "indexed": false,
        "internalType": "uint256",
        "name": "amount",
        "type": "uint256"
    }],
    "name": "Withdraw",
    "type": "event"
}, {
    "inputs": [{
        "internalType": "uint256",
        "name": "",
        "type": "uint256"
    }, {
        "internalType": "address",
        "name": "",
        "type": "address"
    }],
    "name": "DepositDays",
    "outputs": [{
        "internalType": "uint256",
        "name": "",
        "type": "uint256"
    }],
    "stateMutability": "view",
    "type": "function"
}, {
    "inputs": [],
    "name": "YWT",
    "outputs": [{
        "internalType": "address",
        "name": "",
        "type": "address"
    }],
    "stateMutability": "view",
    "type": "function"
}, {
    "inputs": [{
        "internalType": "uint256",
        "name": "_allocPoint",
        "type": "uint256"
    }, {
        "internalType": "contract IERC20",
        "name": "_lpToken",
        "type": "address"
    }],
    "name": "add",
    "outputs": [],
    "stateMutability": "nonpayable",
    "type": "function"
}, {
    "inputs": [{
        "internalType": "uint256",
        "name": "_pid",
        "type": "uint256"
    }],
    "name": "claim",
    "outputs": [],
    "stateMutability": "nonpayable",
    "type": "function"
}, {
    "inputs": [{
        "internalType": "uint256",
        "name": "_pid",
        "type": "uint256"
    }, {
        "internalType": "uint256",
        "name": "_amount",
        "type": "uint256"
    }, {
        "internalType": "uint256",
        "name": "_depositDays",
        "type": "uint256"
    }, {
        "internalType": "address",
        "name": "_referral",
        "type": "address"
    }],
    "name": "deposit",
    "outputs": [],
    "stateMutability": "nonpayable",
    "type": "function"
}, {
    "inputs": [{
        "internalType": "uint256",
        "name": "_pid",
        "type": "uint256"
    }],
    "name": "emergencyWithdraw",
    "outputs": [],
    "stateMutability": "nonpayable",
    "type": "function"
}, {
    "inputs": [{
        "internalType": "uint256",
        "name": "_pid",
        "type": "uint256"
    }, {
        "internalType": "address",
        "name": "_user",
        "type": "address"
    }],
    "name": "getMultiplier",
    "outputs": [{
        "internalType": "uint256",
        "name": "muliplier",
        "type": "uint256"
    }],
    "stateMutability": "view",
    "type": "function"
}, {
    "inputs": [{
        "internalType": "uint256",
        "name": "",
        "type": "uint256"
    }, {
        "internalType": "address",
        "name": "",
        "type": "address"
    }],
    "name": "lastDepositTime",
    "outputs": [{
        "internalType": "uint256",
        "name": "",
        "type": "uint256"
    }],
    "stateMutability": "view",
    "type": "function"
}, {
    "inputs": [],
    "name": "oneMonthMultipliter",
    "outputs": [{
        "internalType": "uint256",
        "name": "",
        "type": "uint256"
    }],
    "stateMutability": "view",
    "type": "function"
}, {
    "inputs": [],
    "name": "oneYearMultipliter",
    "outputs": [{
        "internalType": "uint256",
        "name": "",
        "type": "uint256"
    }],
    "stateMutability": "view",
    "type": "function"
}, {
    "inputs": [],
    "name": "owner",
    "outputs": [{
        "internalType": "address",
        "name": "",
        "type": "address"
    }],
    "stateMutability": "view",
    "type": "function"
}, {
    "inputs": [{
        "internalType": "uint256",
        "name": "_pid",
        "type": "uint256"
    }, {
        "internalType": "address",
        "name": "_user",
        "type": "address"
    }],
    "name": "pendingYWT",
    "outputs": [{
        "internalType": "uint256",
        "name": "",
        "type": "uint256"
    }],
    "stateMutability": "view",
    "type": "function"
}, {
    "inputs": [{
        "internalType": "contract IERC20",
        "name": "",
        "type": "address"
    }],
    "name": "poolExistence",
    "outputs": [{
        "internalType": "bool",
        "name": "",
        "type": "bool"
    }],
    "stateMutability": "view",
    "type": "function"
}, {
    "inputs": [{
        "internalType": "uint256",
        "name": "",
        "type": "uint256"
    }],
    "name": "poolInfo",
    "outputs": [{
        "internalType": "contract IERC20",
        "name": "lpToken",
        "type": "address"
    }, {
        "internalType": "uint256",
        "name": "allocPoint",
        "type": "uint256"
    }, {
        "internalType": "uint256",
        "name": "accYWTPerShare",
        "type": "uint256"
    }],
    "stateMutability": "view",
    "type": "function"
}, {
    "inputs": [],
    "name": "poolLength",
    "outputs": [{
        "internalType": "uint256",
        "name": "",
        "type": "uint256"
    }],
    "stateMutability": "view",
    "type": "function"
}, {
    "inputs": [{
        "internalType": "address",
        "name": "",
        "type": "address"
    }],
    "name": "referrCount",
    "outputs": [{
        "internalType": "uint256",
        "name": "",
        "type": "uint256"
    }],
    "stateMutability": "view",
    "type": "function"
}, {
    "inputs": [],
    "name": "referralBonus",
    "outputs": [{
        "internalType": "uint256",
        "name": "",
        "type": "uint256"
    }],
    "stateMutability": "view",
    "type": "function"
}, {
    "inputs": [{
        "internalType": "address",
        "name": "",
        "type": "address"
    }],
    "name": "referrals",
    "outputs": [{
        "internalType": "address",
        "name": "",
        "type": "address"
    }],
    "stateMutability": "view",
    "type": "function"
}, {
    "inputs": [],
    "name": "renounceOwnership",
    "outputs": [],
    "stateMutability": "nonpayable",
    "type": "function"
}, {
    "inputs": [{
        "internalType": "uint256",
        "name": "_pid",
        "type": "uint256"
    }, {
        "internalType": "uint256",
        "name": "_allocPoint",
        "type": "uint256"
    }],
    "name": "set",
    "outputs": [],
    "stateMutability": "nonpayable",
    "type": "function"
}, {
    "inputs": [{
        "internalType": "uint256",
        "name": "_value",
        "type": "uint256"
    }],
    "name": "setOneMonthMultipliter",
    "outputs": [],
    "stateMutability": "nonpayable",
    "type": "function"
}, {
    "inputs": [{
        "internalType": "uint256",
        "name": "_value",
        "type": "uint256"
    }],
    "name": "setOneYearMultipliter",
    "outputs": [],
    "stateMutability": "nonpayable",
    "type": "function"
}, {
    "inputs": [{
        "internalType": "uint256",
        "name": "_value",
        "type": "uint256"
    }],
    "name": "setReferralBonus",
    "outputs": [],
    "stateMutability": "nonpayable",
    "type": "function"
}, {
    "inputs": [{
        "internalType": "address",
        "name": "_ywt",
        "type": "address"
    }],
    "name": "setRewardAddress",
    "outputs": [],
    "stateMutability": "nonpayable",
    "type": "function"
}, {
    "inputs": [{
        "internalType": "uint256",
        "name": "_value",
        "type": "uint256"
    }],
    "name": "setSixMonthMultipliter",
    "outputs": [],
    "stateMutability": "nonpayable",
    "type": "function"
}, {
    "inputs": [{
        "internalType": "uint256",
        "name": "_value",
        "type": "uint256"
    }],
    "name": "setThreeMonthMultipliter",
    "outputs": [],
    "stateMutability": "nonpayable",
    "type": "function"
}, {
    "inputs": [{
        "internalType": "uint256",
        "name": "_value",
        "type": "uint256"
    }],
    "name": "setThreshold",
    "outputs": [],
    "stateMutability": "nonpayable",
    "type": "function"
}, {
    "inputs": [],
    "name": "sixMonthMultipliter",
    "outputs": [{
        "internalType": "uint256",
        "name": "",
        "type": "uint256"
    }],
    "stateMutability": "view",
    "type": "function"
}, {
    "inputs": [],
    "name": "threeMonthMultipliter",
    "outputs": [{
        "internalType": "uint256",
        "name": "",
        "type": "uint256"
    }],
    "stateMutability": "view",
    "type": "function"
}, {
    "inputs": [],
    "name": "threshold",
    "outputs": [{
        "internalType": "uint256",
        "name": "",
        "type": "uint256"
    }],
    "stateMutability": "view",
    "type": "function"
}, {
    "inputs": [],
    "name": "totalAllocPoint",
    "outputs": [{
        "internalType": "uint256",
        "name": "",
        "type": "uint256"
    }],
    "stateMutability": "view",
    "type": "function"
}, {
    "inputs": [{
        "internalType": "address",
        "name": "newOwner",
        "type": "address"
    }],
    "name": "transferOwnership",
    "outputs": [],
    "stateMutability": "nonpayable",
    "type": "function"
}, {
    "inputs": [{
        "internalType": "uint256",
        "name": "_pid",
        "type": "uint256"
    }],
    "name": "updatePool",
    "outputs": [],
    "stateMutability": "nonpayable",
    "type": "function"
}, {
    "inputs": [{
        "internalType": "uint256",
        "name": "_ywtPerDay",
        "type": "uint256"
    }],
    "name": "updateReleaseRate",
    "outputs": [],
    "stateMutability": "nonpayable",
    "type": "function"
}, {
    "inputs": [{
        "internalType": "uint256",
        "name": "",
        "type": "uint256"
    }, {
        "internalType": "address",
        "name": "",
        "type": "address"
    }],
    "name": "userInfo",
    "outputs": [{
        "internalType": "uint256",
        "name": "amount",
        "type": "uint256"
    }, {
        "internalType": "uint256",
        "name": "rewardDebt",
        "type": "uint256"
    }],
    "stateMutability": "view",
    "type": "function"
}, {
    "inputs": [{
        "internalType": "uint256",
        "name": "_pid",
        "type": "uint256"
    }, {
        "internalType": "uint256",
        "name": "_amount",
        "type": "uint256"
    }],
    "name": "withdraw",
    "outputs": [],
    "stateMutability": "nonpayable",
    "type": "function"
}, {
    "inputs": [],
    "name": "ywtPerDay",
    "outputs": [{
        "internalType": "uint256",
        "name": "",
        "type": "uint256"
    }],
    "stateMutability": "view",
    "type": "function"
}]