[
    {
        "id": 0,
        "pid": 0,
        "name": "USDT/MOT",
        "code": "0x3092Fd71B8Cb6c36d27f1D71391e9068A8f919A2",
        "icon": "https://cloud-data-s2-images.fistdao.finance/usdt.png",
        "icons": "https://cloud-data-s2-images.fistdao.finance/usdt.png",
        "lPdata": "",
        "token1": "0xf03e0fc04757184ff64a58385d5553f661878f1a",
        "token2": "0xfbd4952ef529f5635f5f6812816246828620f8ec",
        "binsShow": false,
        "inputValue": "",
        "isDeatilopen": false,
        "Maxnu": "",
        "allowa": "",
        "balance": "",
        "balanceShow": "0.0",
        "StakedLP": "",
        "StakedLPShow": "0.0",
        "WeTalk1": "",
        "WeTalk2": "",
        "drawValu": "",
        "show": false,
        "dividend": ""
    },
    {
        "id": 1,
        "pid": 1,
        "name": "CHI/USDT",
        "code": "0x7011Ab904Ea23A577c5Ef4ddD58aE8976765Aaf9",
        "icon": "https://cloud-data-s2-images.fistdao.finance/usdt.png",
        "icons": "https://cloud-data-s2-images.fistdao.finance/usdt.png",
        "lPdata": "",
        "token1": "0xe0750c75fe024b09849a0feb653d4a2db3164a9c",
        "token2": "0xf03e0fc04757184ff64a58385d5553f661878f1a",
        "binsShow": false,
        "inputValue": "",
        "isDeatilopen": false,
        "Maxnu": "",
        "allowa": "",
        "balance": "",
        "balanceShow": "0.0",
        "StakedLP": "",
        "StakedLPShow": "0.0",
        "WeTalk1": "",
        "WeTalk2": "",
        "drawValu": "",
        "show": false,
        "dividend": ""
    }
]