{
  "usingComponents": {
    "van-nav-bar": "@vant/weapp/nav-bar/index",
    "van-icon": "@vant/weapp/icon/index",
    "van-button": "@vant/weapp/button/index",
    "van-radio": "@vant/weapp/radio/index",
    "van-radio-group": "@vant/weapp/radio-group/index",
    "van-field": "@vant/weapp/field/index",
    "van-collapse": "@vant/weapp/collapse/index",
    "van-collapse-item": "@vant/weapp/collapse-item/index",
    "van-popup": "@vant/weapp/popup/index",
    "van-cell": "@vant/weapp/cell/index",
    "van-cell-group": "@vant/weapp/cell-group/index",
    "van-dialog": "@vant/weapp/dialog/index",
    "van-notify": "@vant/weapp/notify/index",
    "van-toast": "@vant/weapp/toast/index"
  },
  "enablePullDownRefresh": false,
  "disableScroll": true
}