[
    {
        "id": 0,
        "name": "FISTDAO/ETH",
        "code": "0xd25704E80eb82eC3D16eC2A63AB66ebD89c37daA",
        "token1": "0xc1ccb48b27169d13c84655b98852f5fEF9594f64",
        "token2": "0xC02aaA39b223FE8D0A0e5C4F27eAD9083C756Cc2",
        "userToken1": "",
        "userToken2": "",
        "icon": "https://cloud-data-s2-images.fistdao.finance/usdt.png",
        "icons": "https://s1.ax1x.com/2022/09/01/v5vKs0.png",
        "counts": "",
        "Pending": "",
        "lPdata": "",
        "show": 0,
        "wenbi": 0,
        "lPdataToken1": "",
        "lPdataToken2": "",
        "binsShow": false,
        "bianes": "",
        "LpList": "1098",
        "pron1": "",
        "pron2": "250x",
        "pid":0,
        "sbuer":"",
        "inputValue":""
    }
]