[
    {
        "id": 0,
        "pid": 0,
        "name": "USDT/MOT",
        "code": "0x3092Fd71B8Cb6c36d27f1D71391e9068A8f919A2",
        "icon": "https://cloud-data-s2-images.fistdao.finance/usdt.png",
        "icons": "https://cloud-data-s2-images.fistdao.finance/usdt.png",
        "lPdata": "",
        "token1": "0xF03E0Fc04757184ff64A58385d5553F661878f1A",
        "token2": "0xFBd4952Ef529f5635F5f6812816246828620F8Ec",
        "binsShow": false,
        "inputValue": "",
        "isDeatilopen": false,
        "Maxnu": "",
        "allowa": "",
        "balance": "",
        "balanceShow": "0.0",
        "StakedLP": "",
        "StakedLPShow": "0.0",
        "WeTalk1": "",
        "WeTalk2": "",
        "drawValu": "",
        "show": false,
        "dividend": "",
        "level": ""
    }
]