{
  "description": "项目配置文件",
  "packOptions": {
    "ignore": [],
    "include": []
  },
  "miniprogramRoot": "miniprogram/",
  "compileType": "miniprogram",
  "projectname": "ts-demo",
  "setting": {
    "useCompilerPlugins": [
      "typescript"
    ],
    "babelSetting": {
      "ignore": [],
      "disablePlugins": [],
      "outputPath": ""
    }
  },
  "simulatorType": "wechat",
  "simulatorPluginLibVersion": {},
  "condition": {},
  "srcMiniprogramRoot": "miniprogram/",
  "appid": "wx37ef184ac1be298b",
  "libVersion": "2.29.2",
  "editorSetting": {
    "tabIndent": "insertSpaces",
    "tabSize": 2
  },
  "packNpmManually": true,
  "packNpmRelationList": [
    {
      "packageJsonPath": "./package.json",
      "miniprogramNpmDistDir": "./"
    }
  ]
}