{
  "setting": {},
  "condition": {
    "plugin": {
      "list": []
    },
    "game": {
      "list": []
    },
    "gamePlugin": {
      "list": []
    },
    "miniprogram": {
      "list": [
        {
          "name": "首页",
          "pathName": "pages/SY/SY",
          "query": "",
          "scene": null
        },
        {
          "name": "我的",
          "pathName": "pages/WD/WD",
          "query": "",
          "scene": null
        },
        {
          "name": "跑步页面",
          "pathName": "pages/RunYM/RunYM",
          "query": "",
          "scene": null
        },
        {
          "name": "登录",
          "pathName": "pages/login/login",
          "query": "",
          "scene": null
        }
      ]
    }
  }
}