[
    {
        "id": 0,
        "name": "BabyDoge/USDT",
        "code": "0x62c570E66dE03bD86A438AF47768e6C7e557185E",
        "token1": "0x0f0f04da8b6c3f12947863288ee56959017bd79b",
        "token2": "0x55d398326f99059ff775485246999027b3197955",
        "userToken1": "",
        "userToken2": "",
        "icon": "https://cloud-data-s2-images.fistdao.finance/usdt.png",
        "icons": "https://s1.ax1x.com/2022/09/01/v5vKs0.png",
        "counts": "",
        "Pending": "",
        "lPdata": "",
        "show": 0,
        "wenbi": 0,
        "lPdataToken1": "",
        "lPdataToken2": "",
        "binsShow": false,
        "bianes": "",
        "LpList": "1098",
        "pron1": "",
        "pron2": "250x",
        "pid":0,
        "sbuer":"",
        "inputValue":""
    },
    {
        "id": 1,
        "name": "USDT/DOGE",
        "code": "0xDebffD4A6cC122e9f638B38d931F19aE64075713",
        "token1": "0x55d398326f99059ff775485246999027b3197955",
        "token2": "0xc26aea497a0f9d3fbf1f56ab96f40490b4d6d162",
        "userToken1": "",
        "userToken2": "",
        "icon": "https://cloud-data-s2-images.fistdao.finance/usdt.png",
        "icons": "https://s1.ax1x.com/2022/09/01/v5vKs0.png",
        "counts": "",
        "Pending": "",
        "lPdata": "",
        "show": 0,
        "wenbi": 0,
        "lPdataToken1": "",
        "lPdataToken2": "",
        "binsShow": false,
        "bianes": "",
        "LpList": "1098",
        "pron1": "",
        "pron2": "250x",
        "pid":1,
        "sbuer":"",
        "inputValue":""
    },
    {
        "id": 2,
        "name": "USDT/SHIBDAO",
        "code": "0xE9A4B27beCc1c197F58BDD5FB82875325DDDAef0",
        "token1": "0x55d398326f99059ff775485246999027b3197955",
        "token2": "0xf30a3efc4abc3b8c6b7c9073b3bc3468992bbd6f",
        "userToken1": "",
        "userToken2": "",
        "icon": "https://cloud-data-s2-images.fistdao.finance/usdt.png",
        "icons": "https://s1.ax1x.com/2022/09/01/v5vKs0.png",
        "counts": "",
        "Pending": "",
        "lPdata": "",
        "show": 0,
        "wenbi": 0,
        "lPdataToken1": "",
        "lPdataToken2": "",
        "binsShow": false,
        "bianes": "",
        "LpList": "1098",
        "pron1": "",
        "pron2": "250x",
        "pid":2,
        "sbuer":"",
        "inputValue":""
    }
]