[
    {
        "inputs": [],
        "stateMutability": "nonpayable",
        "type": "constructor"
    },
    {
        "anonymous": false,
        "inputs": [
            {
                "indexed": false,
                "internalType": "address",
                "name": "previousAdmin",
                "type": "address"
            },
            {
                "indexed": false,
                "internalType": "address",
                "name": "newAdmin",
                "type": "address"
            }
        ],
        "name": "AdminChanged",
        "type": "event"
    },
    {
        "anonymous": false,
        "inputs": [
            {
                "indexed": true,
                "internalType": "address",
                "name": "beacon",
                "type": "address"
            }
        ],
        "name": "BeaconUpgraded",
        "type": "event"
    },
    {
        "anonymous": false,
        "inputs": [
            {
                "indexed": false,
                "internalType": "uint8",
                "name": "version",
                "type": "uint8"
            }
        ],
        "name": "Initialized",
        "type": "event"
    },
    {
        "anonymous": false,
        "inputs": [
            {
                "indexed": true,
                "internalType": "address",
                "name": "previousOwner",
                "type": "address"
            },
            {
                "indexed": true,
                "internalType": "address",
                "name": "newOwner",
                "type": "address"
            }
        ],
        "name": "OwnershipTransferred",
        "type": "event"
    },
    {
        "anonymous": false,
        "inputs": [
            {
                "indexed": false,
                "internalType": "address",
                "name": "account",
                "type": "address"
            }
        ],
        "name": "Paused",
        "type": "event"
    },
    {
        "anonymous": false,
        "inputs": [
            {
                "indexed": false,
                "internalType": "address",
                "name": "account",
                "type": "address"
            }
        ],
        "name": "Unpaused",
        "type": "event"
    },
    {
        "anonymous": false,
        "inputs": [
            {
                "indexed": true,
                "internalType": "address",
                "name": "implementation",
                "type": "address"
            }
        ],
        "name": "Upgraded",
        "type": "event"
    },
    {
        "inputs": [
            {
                "internalType": "address",
                "name": "",
                "type": "address"
            }
        ],
        "name": "antiBotFunds",
        "outputs": [
            {
                "internalType": "bool",
                "name": "",
                "type": "bool"
            }
        ],
        "stateMutability": "view",
        "type": "function"
    },
    {
        "inputs": [
            {
                "internalType": "address",
                "name": "",
                "type": "address"
            }
        ],
        "name": "antiBotInfos",
        "outputs": [
            {
                "internalType": "address",
                "name": "owner",
                "type": "address"
            },
            {
                "internalType": "address",
                "name": "pairToken",
                "type": "address"
            },
            {
                "internalType": "address",
                "name": "pair",
                "type": "address"
            },
            {
                "internalType": "address",
                "name": "routerExchange",
                "type": "address"
            },
            {
                "internalType": "address",
                "name": "factoryExchange",
                "type": "address"
            },
            {
                "internalType": "uint256",
                "name": "amountLimitPerTrade",
                "type": "uint256"
            },
            {
                "internalType": "uint256",
                "name": "amountAddedPerLock",
                "type": "uint256"
            },
            {
                "internalType": "uint256",
                "name": "timeLimitPerTrade",
                "type": "uint256"
            },
            {
                "internalType": "uint256",
                "name": "totalLockBlocks",
                "type": "uint256"
            },
            {
                "internalType": "bool",
                "name": "enabled",
                "type": "bool"
            }
        ],
        "stateMutability": "view",
        "type": "function"
    },
    {
        "inputs": [
            {
                "internalType": "address",
                "name": "token",
                "type": "address"
            },
            {
                "internalType": "bool",
                "name": "status",
                "type": "bool"
            },
            {
                "internalType": "address[]",
                "name": "users",
                "type": "address[]"
            }
        ],
        "name": "blacklistUsers",
        "outputs": [],
        "stateMutability": "nonpayable",
        "type": "function"
    },
    {
        "inputs": [],
        "name": "fundAddress",
        "outputs": [
            {
                "internalType": "address payable",
                "name": "",
                "type": "address"
            }
        ],
        "stateMutability": "view",
        "type": "function"
    },
    {
        "inputs": [],
        "name": "fundAmount",
        "outputs": [
            {
                "internalType": "uint256",
                "name": "",
                "type": "uint256"
            }
        ],
        "stateMutability": "view",
        "type": "function"
    },
    {
        "inputs": [
            {
                "internalType": "address",
                "name": "token",
                "type": "address"
            }
        ],
        "name": "getBlackList",
        "outputs": [
            {
                "internalType": "address[]",
                "name": "",
                "type": "address[]"
            }
        ],
        "stateMutability": "view",
        "type": "function"
    },
    {
        "inputs": [
            {
                "internalType": "address",
                "name": "token",
                "type": "address"
            },
            {
                "internalType": "uint256",
                "name": "start",
                "type": "uint256"
            },
            {
                "internalType": "uint256",
                "name": "end",
                "type": "uint256"
            }
        ],
        "name": "getBlackListPaging",
        "outputs": [
            {
                "internalType": "address[]",
                "name": "",
                "type": "address[]"
            }
        ],
        "stateMutability": "view",
        "type": "function"
    },
    {
        "inputs": [
            {
                "internalType": "address",
                "name": "token",
                "type": "address"
            }
        ],
        "name": "getTokenStatus",
        "outputs": [
            {
                "components": [
                    {
                        "internalType": "bool",
                        "name": "enabled",
                        "type": "bool"
                    },
                    {
                        "internalType": "uint256",
                        "name": "balance",
                        "type": "uint256"
                    },
                    {
                        "internalType": "uint256",
                        "name": "amountLimit",
                        "type": "uint256"
                    },
                    {
                        "internalType": "uint256",
                        "name": "timeLimit",
                        "type": "uint256"
                    },
                    {
                        "internalType": "uint256",
                        "name": "leftBlocks",
                        "type": "uint256"
                    },
                    {
                        "internalType": "uint256",
                        "name": "currentBlock",
                        "type": "uint256"
                    },
                    {
                        "internalType": "bool",
                        "name": "funded",
                        "type": "bool"
                    }
                ],
                "internalType": "struct AntiBotTestVersion.AntiBotStatusInfo",
                "name": "",
                "type": "tuple"
            }
        ],
        "stateMutability": "view",
        "type": "function"
    },
    {
        "inputs": [
            {
                "internalType": "address",
                "name": "token",
                "type": "address"
            }
        ],
        "name": "getWhiteList",
        "outputs": [
            {
                "internalType": "address[]",
                "name": "",
                "type": "address[]"
            }
        ],
        "stateMutability": "view",
        "type": "function"
    },
    {
        "inputs": [
            {
                "internalType": "address",
                "name": "token",
                "type": "address"
            },
            {
                "internalType": "uint256",
                "name": "start",
                "type": "uint256"
            },
            {
                "internalType": "uint256",
                "name": "end",
                "type": "uint256"
            }
        ],
        "name": "getWhiteListPaging",
        "outputs": [
            {
                "internalType": "address[]",
                "name": "",
                "type": "address[]"
            }
        ],
        "stateMutability": "view",
        "type": "function"
    },
    {
        "inputs": [
            {
                "internalType": "address payable",
                "name": "_fundAddress",
                "type": "address"
            },
            {
                "internalType": "uint256",
                "name": "_fundAmount",
                "type": "uint256"
            }
        ],
        "name": "initialize",
        "outputs": [],
        "stateMutability": "nonpayable",
        "type": "function"
    },
    {
        "inputs": [
            {
                "internalType": "address",
                "name": "sender",
                "type": "address"
            },
            {
                "internalType": "address",
                "name": "recipient",
                "type": "address"
            },
            {
                "internalType": "uint256",
                "name": "amount",
                "type": "uint256"
            }
        ],
        "name": "onPreTransferCheck",
        "outputs": [],
        "stateMutability": "nonpayable",
        "type": "function"
    },
    {
        "inputs": [],
        "name": "owner",
        "outputs": [
            {
                "internalType": "address",
                "name": "",
                "type": "address"
            }
        ],
        "stateMutability": "view",
        "type": "function"
    },
    {
        "inputs": [],
        "name": "pause",
        "outputs": [],
        "stateMutability": "nonpayable",
        "type": "function"
    },
    {
        "inputs": [],
        "name": "paused",
        "outputs": [
            {
                "internalType": "bool",
                "name": "",
                "type": "bool"
            }
        ],
        "stateMutability": "view",
        "type": "function"
    },
    {
        "inputs": [],
        "name": "proxiableUUID",
        "outputs": [
            {
                "internalType": "bytes32",
                "name": "",
                "type": "bytes32"
            }
        ],
        "stateMutability": "view",
        "type": "function"
    },
    {
        "inputs": [],
        "name": "renounceOwnership",
        "outputs": [],
        "stateMutability": "nonpayable",
        "type": "function"
    },
    {
        "inputs": [
            {
                "internalType": "address",
                "name": "token",
                "type": "address"
            },
            {
                "internalType": "address",
                "name": "pairToken",
                "type": "address"
            },
            {
                "internalType": "address",
                "name": "routerExchange",
                "type": "address"
            },
            {
                "internalType": "address",
                "name": "factoryExchange",
                "type": "address"
            },
            {
                "internalType": "uint256",
                "name": "amountLimitPerTrade",
                "type": "uint256"
            },
            {
                "internalType": "uint256",
                "name": "amountAddedPerLock",
                "type": "uint256"
            },
            {
                "internalType": "uint256",
                "name": "timeLimitPerTrade",
                "type": "uint256"
            },
            {
                "internalType": "uint256",
                "name": "totalLockBlocks",
                "type": "uint256"
            }
        ],
        "name": "setConfig",
        "outputs": [],
        "stateMutability": "nonpayable",
        "type": "function"
    },
    {
        "inputs": [
            {
                "internalType": "address",
                "name": "token",
                "type": "address"
            },
            {
                "internalType": "bool",
                "name": "isEnabled",
                "type": "bool"
            }
        ],
        "name": "setEnabled",
        "outputs": [],
        "stateMutability": "payable",
        "type": "function"
    },
    {
        "inputs": [
            {
                "internalType": "address payable",
                "name": "_fundAddress",
                "type": "address"
            }
        ],
        "name": "setFundAddress",
        "outputs": [],
        "stateMutability": "nonpayable",
        "type": "function"
    },
    {
        "inputs": [
            {
                "internalType": "uint256",
                "name": "_fundAmount",
                "type": "uint256"
            }
        ],
        "name": "setFundAmount",
        "outputs": [],
        "stateMutability": "nonpayable",
        "type": "function"
    },
    {
        "inputs": [
            {
                "internalType": "address",
                "name": "owner",
                "type": "address"
            }
        ],
        "name": "setTokenOwner",
        "outputs": [],
        "stateMutability": "nonpayable",
        "type": "function"
    },
    {
        "inputs": [
            {
                "internalType": "address",
                "name": "token",
                "type": "address"
            }
        ],
        "name": "totalBlackList",
        "outputs": [
            {
                "internalType": "uint256",
                "name": "",
                "type": "uint256"
            }
        ],
        "stateMutability": "view",
        "type": "function"
    },
    {
        "inputs": [
            {
                "internalType": "address",
                "name": "token",
                "type": "address"
            }
        ],
        "name": "totalWhiteList",
        "outputs": [
            {
                "internalType": "uint256",
                "name": "",
                "type": "uint256"
            }
        ],
        "stateMutability": "view",
        "type": "function"
    },
    {
        "inputs": [
            {
                "internalType": "address",
                "name": "",
                "type": "address"
            }
        ],
        "name": "tradeLogInfos",
        "outputs": [
            {
                "internalType": "uint256",
                "name": "listingBlock",
                "type": "uint256"
            },
            {
                "internalType": "uint256",
                "name": "listingTime",
                "type": "uint256"
            },
            {
                "internalType": "uint256",
                "name": "lastTimeTrade",
                "type": "uint256"
            }
        ],
        "stateMutability": "view",
        "type": "function"
    },
    {
        "inputs": [
            {
                "internalType": "address",
                "name": "newOwner",
                "type": "address"
            }
        ],
        "name": "transferOwnership",
        "outputs": [],
        "stateMutability": "nonpayable",
        "type": "function"
    },
    {
        "inputs": [],
        "name": "unpause",
        "outputs": [],
        "stateMutability": "nonpayable",
        "type": "function"
    },
    {
        "inputs": [
            {
                "internalType": "address",
                "name": "newImplementation",
                "type": "address"
            }
        ],
        "name": "upgradeTo",
        "outputs": [],
        "stateMutability": "nonpayable",
        "type": "function"
    },
    {
        "inputs": [
            {
                "internalType": "address",
                "name": "newImplementation",
                "type": "address"
            },
            {
                "internalType": "bytes",
                "name": "data",
                "type": "bytes"
            }
        ],
        "name": "upgradeToAndCall",
        "outputs": [],
        "stateMutability": "payable",
        "type": "function"
    },
    {
        "inputs": [
            {
                "internalType": "address",
                "name": "token",
                "type": "address"
            },
            {
                "internalType": "bool",
                "name": "status",
                "type": "bool"
            },
            {
                "internalType": "address[]",
                "name": "users",
                "type": "address[]"
            }
        ],
        "name": "whitelistUsers",
        "outputs": [],
        "stateMutability": "nonpayable",
        "type": "function"
    }
]