[
    {
        "inputs": [],
        "stateMutability": "nonpayable",
        "type": "constructor"
    },
    {
        "anonymous": false,
        "inputs": [
            {
                "indexed": true,
                "internalType": "address",
                "name": "launchpad",
                "type": "address"
            }
        ],
        "name": "NewLaunchpad",
        "type": "event"
    },
    {
        "anonymous": false,
        "inputs": [
            {
                "indexed": true,
                "internalType": "address",
                "name": "previousOwner",
                "type": "address"
            },
            {
                "indexed": true,
                "internalType": "address",
                "name": "newOwner",
                "type": "address"
            }
        ],
        "name": "OwnershipTransferred",
        "type": "event"
    },
    {
        "inputs": [],
        "name": "DENOMINATOR",
        "outputs": [
            {
                "internalType": "uint256",
                "name": "",
                "type": "uint256"
            }
        ],
        "stateMutability": "view",
        "type": "function"
    },
    {
        "inputs": [
            {
                "components": [
                    {
                        "internalType": "address",
                        "name": "feeToken",
                        "type": "address"
                    },
                    {
                        "internalType": "uint256",
                        "name": "presaleRate",
                        "type": "uint256"
                    },
                    {
                        "internalType": "uint256",
                        "name": "hardCap",
                        "type": "uint256"
                    },
                    {
                        "internalType": "uint256",
                        "name": "raisedFeePercent",
                        "type": "uint256"
                    },
                    {
                        "internalType": "uint256",
                        "name": "raisedTokenFeePercent",
                        "type": "uint256"
                    },
                    {
                        "internalType": "uint256",
                        "name": "liquidityPercent",
                        "type": "uint256"
                    },
                    {
                        "internalType": "uint256",
                        "name": "listingRate",
                        "type": "uint256"
                    }
                ],
                "internalType": "struct LaunchpadStructs.CalculateTokenInput",
                "name": "input",
                "type": "tuple"
            }
        ],
        "name": "calculateTokens",
        "outputs": [
            {
                "internalType": "uint256",
                "name": "",
                "type": "uint256"
            },
            {
                "internalType": "uint256",
                "name": "",
                "type": "uint256"
            }
        ],
        "stateMutability": "view",
        "type": "function"
    },
    {
        "inputs": [
            {
                "components": [
                    {
                        "internalType": "address",
                        "name": "icoToken",
                        "type": "address"
                    },
                    {
                        "internalType": "address",
                        "name": "feeToken",
                        "type": "address"
                    },
                    {
                        "internalType": "uint256",
                        "name": "softCap",
                        "type": "uint256"
                    },
                    {
                        "internalType": "uint256",
                        "name": "hardCap",
                        "type": "uint256"
                    },
                    {
                        "internalType": "uint256",
                        "name": "presaleRate",
                        "type": "uint256"
                    },
                    {
                        "internalType": "uint256",
                        "name": "minInvest",
                        "type": "uint256"
                    },
                    {
                        "internalType": "uint256",
                        "name": "maxInvest",
                        "type": "uint256"
                    },
                    {
                        "internalType": "uint256",
                        "name": "startTime",
                        "type": "uint256"
                    },
                    {
                        "internalType": "uint256",
                        "name": "endTime",
                        "type": "uint256"
                    },
                    {
                        "internalType": "uint256",
                        "name": "whitelistPool",
                        "type": "uint256"
                    },
                    {
                        "internalType": "uint256",
                        "name": "poolType",
                        "type": "uint256"
                    }
                ],
                "internalType": "struct LaunchpadStructs.LaunchpadInfo",
                "name": "info",
                "type": "tuple"
            },
            {
                "components": [
                    {
                        "internalType": "uint256",
                        "name": "cliffVesting",
                        "type": "uint256"
                    },
                    {
                        "internalType": "uint256",
                        "name": "lockAfterCliffVesting",
                        "type": "uint256"
                    },
                    {
                        "internalType": "uint256",
                        "name": "firstReleasePercent",
                        "type": "uint256"
                    },
                    {
                        "internalType": "uint256",
                        "name": "vestingPeriodEachCycle",
                        "type": "uint256"
                    },
                    {
                        "internalType": "uint256",
                        "name": "tokenReleaseEachCycle",
                        "type": "uint256"
                    }
                ],
                "internalType": "struct LaunchpadStructs.ClaimInfo",
                "name": "claimInfo",
                "type": "tuple"
            },
            {
                "components": [
                    {
                        "internalType": "bool",
                        "name": "autoListing",
                        "type": "bool"
                    },
                    {
                        "internalType": "address",
                        "name": "routerAddress",
                        "type": "address"
                    },
                    {
                        "internalType": "address",
                        "name": "factoryAddress",
                        "type": "address"
                    },
                    {
                        "internalType": "uint256",
                        "name": "listingRate",
                        "type": "uint256"
                    },
                    {
                        "internalType": "uint256",
                        "name": "liquidityPercent",
                        "type": "uint256"
                    },
                    {
                        "internalType": "uint256",
                        "name": "lpLockTime",
                        "type": "uint256"
                    }
                ],
                "internalType": "struct LaunchpadStructs.DexInfo",
                "name": "dexInfo",
                "type": "tuple"
            },
            {
                "components": [
                    {
                        "internalType": "uint256",
                        "name": "raisedFeePercent",
                        "type": "uint256"
                    },
                    {
                        "internalType": "uint256",
                        "name": "raisedTokenFeePercent",
                        "type": "uint256"
                    }
                ],
                "internalType": "struct LaunchpadStructs.FeeSystem",
                "name": "feeInfo",
                "type": "tuple"
            },
            {
                "internalType": "address",
                "name": "_lock",
                "type": "address"
            },
            {
                "internalType": "string",
                "name": "_poolDetail",
                "type": "string"
            }
        ],
        "name": "create",
        "outputs": [],
        "stateMutability": "payable",
        "type": "function"
    },
    {
        "inputs": [],
        "name": "feeTo",
        "outputs": [
            {
                "internalType": "address",
                "name": "",
                "type": "address"
            }
        ],
        "stateMutability": "view",
        "type": "function"
    },
    {
        "inputs": [],
        "name": "flatFee",
        "outputs": [
            {
                "internalType": "uint256",
                "name": "",
                "type": "uint256"
            }
        ],
        "stateMutability": "view",
        "type": "function"
    },
    {
        "inputs": [],
        "name": "fundAddress",
        "outputs": [
            {
                "internalType": "address payable",
                "name": "",
                "type": "address"
            }
        ],
        "stateMutability": "view",
        "type": "function"
    },
    {
        "inputs": [],
        "name": "getPoolArrayLength",
        "outputs": [
            {
                "internalType": "uint256",
                "name": "",
                "type": "uint256"
            }
        ],
        "stateMutability": "view",
        "type": "function"
    },
    {
        "inputs": [],
        "name": "getPools",
        "outputs": [
            {
                "internalType": "address[]",
                "name": "",
                "type": "address[]"
            }
        ],
        "stateMutability": "view",
        "type": "function"
    },
    {
        "inputs": [
            {
                "internalType": "address",
                "name": "",
                "type": "address"
            }
        ],
        "name": "isExisting",
        "outputs": [
            {
                "internalType": "bool",
                "name": "",
                "type": "bool"
            }
        ],
        "stateMutability": "view",
        "type": "function"
    },
    {
        "inputs": [],
        "name": "owner",
        "outputs": [
            {
                "internalType": "address",
                "name": "",
                "type": "address"
            }
        ],
        "stateMutability": "view",
        "type": "function"
    },
    {
        "inputs": [
            {
                "internalType": "uint256",
                "name": "",
                "type": "uint256"
            }
        ],
        "name": "pools",
        "outputs": [
            {
                "internalType": "address",
                "name": "",
                "type": "address"
            }
        ],
        "stateMutability": "view",
        "type": "function"
    },
    {
        "inputs": [
            {
                "internalType": "address",
                "name": "token",
                "type": "address"
            }
        ],
        "name": "removePoolForToken",
        "outputs": [],
        "stateMutability": "nonpayable",
        "type": "function"
    },
    {
        "inputs": [],
        "name": "renounceOwnership",
        "outputs": [],
        "stateMutability": "nonpayable",
        "type": "function"
    },
    {
        "inputs": [
            {
                "internalType": "address",
                "name": "feeReceivingAddress",
                "type": "address"
            }
        ],
        "name": "setFeeTo",
        "outputs": [],
        "stateMutability": "nonpayable",
        "type": "function"
    },
    {
        "inputs": [
            {
                "internalType": "uint256",
                "name": "fee",
                "type": "uint256"
            }
        ],
        "name": "setFlatFee",
        "outputs": [],
        "stateMutability": "nonpayable",
        "type": "function"
    },
    {
        "inputs": [
            {
                "internalType": "address payable",
                "name": "_fundAddress",
                "type": "address"
            }
        ],
        "name": "setFundAddress",
        "outputs": [],
        "stateMutability": "nonpayable",
        "type": "function"
    },
    {
        "inputs": [
            {
                "internalType": "address",
                "name": "newOwner",
                "type": "address"
            }
        ],
        "name": "transferOwnership",
        "outputs": [],
        "stateMutability": "nonpayable",
        "type": "function"
    }
]