[
    {
        "inputs": [
            {
                "components": [
                    {
                        "internalType": "address",
                        "name": "icoToken",
                        "type": "address"
                    },
                    {
                        "internalType": "address",
                        "name": "feeToken",
                        "type": "address"
                    },
                    {
                        "internalType": "uint256",
                        "name": "softCap",
                        "type": "uint256"
                    },
                    {
                        "internalType": "uint256",
                        "name": "hardCap",
                        "type": "uint256"
                    },
                    {
                        "internalType": "uint256",
                        "name": "presaleRate",
                        "type": "uint256"
                    },
                    {
                        "internalType": "uint256",
                        "name": "minInvest",
                        "type": "uint256"
                    },
                    {
                        "internalType": "uint256",
                        "name": "maxInvest",
                        "type": "uint256"
                    },
                    {
                        "internalType": "uint256",
                        "name": "startTime",
                        "type": "uint256"
                    },
                    {
                        "internalType": "uint256",
                        "name": "endTime",
                        "type": "uint256"
                    },
                    {
                        "internalType": "uint256",
                        "name": "whitelistPool",
                        "type": "uint256"
                    },
                    {
                        "internalType": "uint256",
                        "name": "poolType",
                        "type": "uint256"
                    }
                ],
                "internalType": "struct LaunchpadStructs.LaunchpadInfo",
                "name": "info",
                "type": "tuple"
            },
            {
                "components": [
                    {
                        "internalType": "uint256",
                        "name": "cliffVesting",
                        "type": "uint256"
                    },
                    {
                        "internalType": "uint256",
                        "name": "lockAfterCliffVesting",
                        "type": "uint256"
                    },
                    {
                        "internalType": "uint256",
                        "name": "firstReleasePercent",
                        "type": "uint256"
                    },
                    {
                        "internalType": "uint256",
                        "name": "vestingPeriodEachCycle",
                        "type": "uint256"
                    },
                    {
                        "internalType": "uint256",
                        "name": "tokenReleaseEachCycle",
                        "type": "uint256"
                    }
                ],
                "internalType": "struct LaunchpadStructs.ClaimInfo",
                "name": "userClaimInfo",
                "type": "tuple"
            },
            {
                "components": [
                    {
                        "internalType": "bool",
                        "name": "autoListing",
                        "type": "bool"
                    },
                    {
                        "internalType": "address",
                        "name": "routerAddress",
                        "type": "address"
                    },
                    {
                        "internalType": "address",
                        "name": "factoryAddress",
                        "type": "address"
                    },
                    {
                        "internalType": "uint256",
                        "name": "listingRate",
                        "type": "uint256"
                    },
                    {
                        "internalType": "uint256",
                        "name": "liquidityPercent",
                        "type": "uint256"
                    },
                    {
                        "internalType": "uint256",
                        "name": "lpLockTime",
                        "type": "uint256"
                    }
                ],
                "internalType": "struct LaunchpadStructs.DexInfo",
                "name": "dexInfo",
                "type": "tuple"
            },
            {
                "components": [
                    {
                        "internalType": "uint256",
                        "name": "raisedFeePercent",
                        "type": "uint256"
                    },
                    {
                        "internalType": "uint256",
                        "name": "raisedTokenFeePercent",
                        "type": "uint256"
                    }
                ],
                "internalType": "struct LaunchpadStructs.FeeSystem",
                "name": "feeInfo",
                "type": "tuple"
            },
            {
                "internalType": "address",
                "name": "_lock",
                "type": "address"
            },
            {
                "internalType": "uint256",
                "name": "_maxLP",
                "type": "uint256"
            },
            {
                "internalType": "string",
                "name": "_poolDetail",
                "type": "string"
            },
            {
                "internalType": "address",
                "name": "_owner",
                "type": "address"
            }
        ],
        "stateMutability": "nonpayable",
        "type": "constructor"
    },
    {
        "anonymous": false,
        "inputs": [
            {
                "indexed": true,
                "internalType": "uint256",
                "name": "_saleId",
                "type": "uint256"
            },
            {
                "indexed": true,
                "internalType": "uint256",
                "name": "_quantity",
                "type": "uint256"
            },
            {
                "indexed": true,
                "internalType": "uint256",
                "name": "_price",
                "type": "uint256"
            },
            {
                "indexed": false,
                "internalType": "address",
                "name": "_buyer",
                "type": "address"
            },
            {
                "indexed": false,
                "internalType": "address",
                "name": "_seller",
                "type": "address"
            }
        ],
        "name": "Buy",
        "type": "event"
    },
    {
        "anonymous": false,
        "inputs": [
            {
                "indexed": true,
                "internalType": "uint256",
                "name": "_saleId",
                "type": "uint256"
            },
            {
                "indexed": true,
                "internalType": "address",
                "name": "_receiver",
                "type": "address"
            }
        ],
        "name": "CancelListed",
        "type": "event"
    },
    {
        "anonymous": false,
        "inputs": [
            {
                "indexed": false,
                "internalType": "address",
                "name": "investor",
                "type": "address"
            },
            {
                "indexed": false,
                "internalType": "uint256",
                "name": "value",
                "type": "uint256"
            },
            {
                "indexed": false,
                "internalType": "uint256",
                "name": "tokens",
                "type": "uint256"
            }
        ],
        "name": "Invest",
        "type": "event"
    },
    {
        "anonymous": false,
        "inputs": [
            {
                "indexed": true,
                "internalType": "uint256",
                "name": "_saleId",
                "type": "uint256"
            },
            {
                "indexed": true,
                "internalType": "uint256",
                "name": "_price",
                "type": "uint256"
            },
            {
                "indexed": true,
                "internalType": "uint256",
                "name": "_quantity",
                "type": "uint256"
            },
            {
                "indexed": false,
                "internalType": "address",
                "name": "_owner",
                "type": "address"
            },
            {
                "indexed": false,
                "internalType": "uint256",
                "name": "_tokenId",
                "type": "uint256"
            },
            {
                "indexed": false,
                "internalType": "uint256",
                "name": "status",
                "type": "uint256"
            }
        ],
        "name": "List",
        "type": "event"
    },
    {
        "anonymous": false,
        "inputs": [
            {
                "indexed": true,
                "internalType": "address",
                "name": "previousOwner",
                "type": "address"
            },
            {
                "indexed": true,
                "internalType": "address",
                "name": "newOwner",
                "type": "address"
            }
        ],
        "name": "OwnershipTransferred",
        "type": "event"
    },
    {
        "anonymous": false,
        "inputs": [
            {
                "indexed": false,
                "internalType": "address",
                "name": "account",
                "type": "address"
            }
        ],
        "name": "Paused",
        "type": "event"
    },
    {
        "anonymous": false,
        "inputs": [
            {
                "indexed": false,
                "internalType": "address",
                "name": "_address",
                "type": "address"
            },
            {
                "indexed": false,
                "internalType": "uint256",
                "name": "tokensClaimed",
                "type": "uint256"
            }
        ],
        "name": "TokenClaimed",
        "type": "event"
    },
    {
        "anonymous": false,
        "inputs": [
            {
                "indexed": false,
                "internalType": "address",
                "name": "account",
                "type": "address"
            }
        ],
        "name": "Unpaused",
        "type": "event"
    },
    {
        "anonymous": false,
        "inputs": [
            {
                "indexed": true,
                "internalType": "uint256",
                "name": "_saleId",
                "type": "uint256"
            },
            {
                "indexed": true,
                "internalType": "address",
                "name": "_seller",
                "type": "address"
            },
            {
                "indexed": true,
                "internalType": "uint256",
                "name": "_price",
                "type": "uint256"
            }
        ],
        "name": "UpdateSalePrice",
        "type": "event"
    },
    {
        "anonymous": false,
        "inputs": [
            {
                "indexed": true,
                "internalType": "uint256",
                "name": "_saleId",
                "type": "uint256"
            },
            {
                "indexed": true,
                "internalType": "address",
                "name": "_seller",
                "type": "address"
            },
            {
                "indexed": true,
                "internalType": "uint256",
                "name": "_quantity",
                "type": "uint256"
            },
            {
                "indexed": false,
                "internalType": "uint256",
                "name": "_status",
                "type": "uint256"
            }
        ],
        "name": "UpdateSaleQuantity",
        "type": "event"
    },
    {
        "inputs": [],
        "name": "DENOMINATOR",
        "outputs": [
            {
                "internalType": "uint256",
                "name": "",
                "type": "uint256"
            }
        ],
        "stateMutability": "view",
        "type": "function"
    },
    {
        "inputs": [],
        "name": "allAllocationCount",
        "outputs": [
            {
                "internalType": "uint256",
                "name": "",
                "type": "uint256"
            }
        ],
        "stateMutability": "view",
        "type": "function"
    },
    {
        "inputs": [],
        "name": "autoListing",
        "outputs": [
            {
                "internalType": "bool",
                "name": "",
                "type": "bool"
            }
        ],
        "stateMutability": "view",
        "type": "function"
    },
    {
        "inputs": [],
        "name": "cancel",
        "outputs": [],
        "stateMutability": "nonpayable",
        "type": "function"
    },
    {
        "inputs": [],
        "name": "check",
        "outputs": [
            {
                "internalType": "bool",
                "name": "",
                "type": "bool"
            }
        ],
        "stateMutability": "view",
        "type": "function"
    },
    {
        "inputs": [
            {
                "internalType": "address",
                "name": "account",
                "type": "address"
            }
        ],
        "name": "checkIsWhitelisted",
        "outputs": [
            {
                "internalType": "bool",
                "name": "",
                "type": "bool"
            }
        ],
        "stateMutability": "view",
        "type": "function"
    },
    {
        "inputs": [],
        "name": "claimCanceledTokens",
        "outputs": [],
        "stateMutability": "nonpayable",
        "type": "function"
    },
    {
        "inputs": [],
        "name": "claimTokens",
        "outputs": [],
        "stateMutability": "nonpayable",
        "type": "function"
    },
    {
        "inputs": [],
        "name": "cliffVesting",
        "outputs": [
            {
                "internalType": "uint256",
                "name": "",
                "type": "uint256"
            }
        ],
        "stateMutability": "view",
        "type": "function"
    },
    {
        "inputs": [
            {
                "internalType": "uint256",
                "name": "_amount",
                "type": "uint256"
            }
        ],
        "name": "contribute",
        "outputs": [],
        "stateMutability": "payable",
        "type": "function"
    },
    {
        "inputs": [],
        "name": "deadAddress",
        "outputs": [
            {
                "internalType": "address",
                "name": "",
                "type": "address"
            }
        ],
        "stateMutability": "view",
        "type": "function"
    },
    {
        "inputs": [],
        "name": "emergencyWithdrawContribute",
        "outputs": [],
        "stateMutability": "nonpayable",
        "type": "function"
    },
    {
        "inputs": [
            {
                "internalType": "address",
                "name": "_token",
                "type": "address"
            },
            {
                "internalType": "uint256",
                "name": "_amount",
                "type": "uint256"
            }
        ],
        "name": "emergencyWithdrawPool",
        "outputs": [],
        "stateMutability": "nonpayable",
        "type": "function"
    },
    {
        "inputs": [],
        "name": "endTime",
        "outputs": [
            {
                "internalType": "uint256",
                "name": "",
                "type": "uint256"
            }
        ],
        "stateMutability": "view",
        "type": "function"
    },
    {
        "inputs": [],
        "name": "factoryAddress",
        "outputs": [
            {
                "internalType": "address",
                "name": "",
                "type": "address"
            }
        ],
        "stateMutability": "view",
        "type": "function"
    },
    {
        "inputs": [],
        "name": "feeToken",
        "outputs": [
            {
                "internalType": "address",
                "name": "",
                "type": "address"
            }
        ],
        "stateMutability": "view",
        "type": "function"
    },
    {
        "inputs": [],
        "name": "finalize",
        "outputs": [],
        "stateMutability": "nonpayable",
        "type": "function"
    },
    {
        "inputs": [],
        "name": "firstReleasePercent",
        "outputs": [
            {
                "internalType": "uint256",
                "name": "",
                "type": "uint256"
            }
        ],
        "stateMutability": "view",
        "type": "function"
    },
    {
        "inputs": [],
        "name": "fundAddress",
        "outputs": [
            {
                "internalType": "address payable",
                "name": "",
                "type": "address"
            }
        ],
        "stateMutability": "view",
        "type": "function"
    },
    {
        "inputs": [
            {
                "internalType": "uint256",
                "name": "start",
                "type": "uint256"
            },
            {
                "internalType": "uint256",
                "name": "end",
                "type": "uint256"
            }
        ],
        "name": "getAllocations",
        "outputs": [
            {
                "internalType": "address[]",
                "name": "",
                "type": "address[]"
            }
        ],
        "stateMutability": "view",
        "type": "function"
    },
    {
        "inputs": [],
        "name": "getJoinedUsers",
        "outputs": [
            {
                "internalType": "address[]",
                "name": "",
                "type": "address[]"
            }
        ],
        "stateMutability": "view",
        "type": "function"
    },
    {
        "inputs": [],
        "name": "getJoinedUsersLength",
        "outputs": [
            {
                "internalType": "uint256",
                "name": "",
                "type": "uint256"
            }
        ],
        "stateMutability": "view",
        "type": "function"
    },
    {
        "inputs": [],
        "name": "getLaunchpadInfo",
        "outputs": [
            {
                "components": [
                    {
                        "internalType": "uint256",
                        "name": "softCap",
                        "type": "uint256"
                    },
                    {
                        "internalType": "uint256",
                        "name": "hardCap",
                        "type": "uint256"
                    },
                    {
                        "internalType": "uint256",
                        "name": "startTime",
                        "type": "uint256"
                    },
                    {
                        "internalType": "uint256",
                        "name": "endTime",
                        "type": "uint256"
                    },
                    {
                        "internalType": "uint256",
                        "name": "state",
                        "type": "uint256"
                    },
                    {
                        "internalType": "uint256",
                        "name": "raisedAmount",
                        "type": "uint256"
                    },
                    {
                        "internalType": "uint256",
                        "name": "balance",
                        "type": "uint256"
                    },
                    {
                        "internalType": "address",
                        "name": "feeToken",
                        "type": "address"
                    },
                    {
                        "internalType": "uint256",
                        "name": "listingTime",
                        "type": "uint256"
                    },
                    {
                        "internalType": "uint256",
                        "name": "whitelistPool",
                        "type": "uint256"
                    },
                    {
                        "internalType": "address",
                        "name": "holdingToken",
                        "type": "address"
                    },
                    {
                        "internalType": "uint256",
                        "name": "holdingTokenAmount",
                        "type": "uint256"
                    }
                ],
                "internalType": "struct LaunchpadStructs.LaunchpadReturnInfo",
                "name": "",
                "type": "tuple"
            }
        ],
        "stateMutability": "view",
        "type": "function"
    },
    {
        "inputs": [
            {
                "internalType": "address",
                "name": "_user",
                "type": "address"
            }
        ],
        "name": "getOwnerZoneInfo",
        "outputs": [
            {
                "components": [
                    {
                        "internalType": "bool",
                        "name": "isOwner",
                        "type": "bool"
                    },
                    {
                        "internalType": "uint256",
                        "name": "whitelistPool",
                        "type": "uint256"
                    },
                    {
                        "internalType": "bool",
                        "name": "canFinalize",
                        "type": "bool"
                    },
                    {
                        "internalType": "bool",
                        "name": "canCancel",
                        "type": "bool"
                    }
                ],
                "internalType": "struct LaunchpadStructs.OwnerZoneInfo",
                "name": "",
                "type": "tuple"
            }
        ],
        "stateMutability": "view",
        "type": "function"
    },
    {
        "inputs": [
            {
                "internalType": "address",
                "name": "_sender",
                "type": "address"
            }
        ],
        "name": "getUserClaimAble",
        "outputs": [
            {
                "internalType": "uint256",
                "name": "",
                "type": "uint256"
            }
        ],
        "stateMutability": "view",
        "type": "function"
    },
    {
        "inputs": [],
        "name": "hardCap",
        "outputs": [
            {
                "internalType": "uint256",
                "name": "",
                "type": "uint256"
            }
        ],
        "stateMutability": "view",
        "type": "function"
    },
    {
        "inputs": [],
        "name": "holdingToken",
        "outputs": [
            {
                "internalType": "address",
                "name": "",
                "type": "address"
            }
        ],
        "stateMutability": "view",
        "type": "function"
    },
    {
        "inputs": [],
        "name": "holdingTokenAmount",
        "outputs": [
            {
                "internalType": "uint256",
                "name": "",
                "type": "uint256"
            }
        ],
        "stateMutability": "view",
        "type": "function"
    },
    {
        "inputs": [],
        "name": "icoToken",
        "outputs": [
            {
                "internalType": "contract ISTDERC20",
                "name": "",
                "type": "address"
            }
        ],
        "stateMutability": "view",
        "type": "function"
    },
    {
        "inputs": [
            {
                "internalType": "address",
                "name": "",
                "type": "address"
            }
        ],
        "name": "joinInfos",
        "outputs": [
            {
                "internalType": "uint256",
                "name": "totalInvestment",
                "type": "uint256"
            },
            {
                "internalType": "uint256",
                "name": "claimedTokens",
                "type": "uint256"
            },
            {
                "internalType": "uint256",
                "name": "totalTokens",
                "type": "uint256"
            },
            {
                "internalType": "bool",
                "name": "refund",
                "type": "bool"
            }
        ],
        "stateMutability": "view",
        "type": "function"
    },
    {
        "inputs": [],
        "name": "liquidityPercent",
        "outputs": [
            {
                "internalType": "uint256",
                "name": "",
                "type": "uint256"
            }
        ],
        "stateMutability": "view",
        "type": "function"
    },
    {
        "inputs": [],
        "name": "listingRate",
        "outputs": [
            {
                "internalType": "uint256",
                "name": "",
                "type": "uint256"
            }
        ],
        "stateMutability": "view",
        "type": "function"
    },
    {
        "inputs": [],
        "name": "listingTime",
        "outputs": [
            {
                "internalType": "uint256",
                "name": "",
                "type": "uint256"
            }
        ],
        "stateMutability": "view",
        "type": "function"
    },
    {
        "inputs": [],
        "name": "lock",
        "outputs": [
            {
                "internalType": "contract ILock",
                "name": "",
                "type": "address"
            }
        ],
        "stateMutability": "view",
        "type": "function"
    },
    {
        "inputs": [],
        "name": "lockAfterCliffVesting",
        "outputs": [
            {
                "internalType": "uint256",
                "name": "",
                "type": "uint256"
            }
        ],
        "stateMutability": "view",
        "type": "function"
    },
    {
        "inputs": [],
        "name": "lpLockId",
        "outputs": [
            {
                "internalType": "uint256",
                "name": "",
                "type": "uint256"
            }
        ],
        "stateMutability": "view",
        "type": "function"
    },
    {
        "inputs": [],
        "name": "lpLockTime",
        "outputs": [
            {
                "internalType": "uint256",
                "name": "",
                "type": "uint256"
            }
        ],
        "stateMutability": "view",
        "type": "function"
    },
    {
        "inputs": [],
        "name": "maxInvest",
        "outputs": [
            {
                "internalType": "uint256",
                "name": "",
                "type": "uint256"
            }
        ],
        "stateMutability": "view",
        "type": "function"
    },
    {
        "inputs": [],
        "name": "maxLiquidity",
        "outputs": [
            {
                "internalType": "uint256",
                "name": "",
                "type": "uint256"
            }
        ],
        "stateMutability": "view",
        "type": "function"
    },
    {
        "inputs": [],
        "name": "minInvest",
        "outputs": [
            {
                "internalType": "uint256",
                "name": "",
                "type": "uint256"
            }
        ],
        "stateMutability": "view",
        "type": "function"
    },
    {
        "inputs": [],
        "name": "owner",
        "outputs": [
            {
                "internalType": "address",
                "name": "",
                "type": "address"
            }
        ],
        "stateMutability": "view",
        "type": "function"
    },
    {
        "inputs": [],
        "name": "pause",
        "outputs": [],
        "stateMutability": "nonpayable",
        "type": "function"
    },
    {
        "inputs": [],
        "name": "paused",
        "outputs": [
            {
                "internalType": "bool",
                "name": "",
                "type": "bool"
            }
        ],
        "stateMutability": "view",
        "type": "function"
    },
    {
        "inputs": [],
        "name": "penaltyFee",
        "outputs": [
            {
                "internalType": "uint256",
                "name": "",
                "type": "uint256"
            }
        ],
        "stateMutability": "view",
        "type": "function"
    },
    {
        "inputs": [],
        "name": "poolDetail",
        "outputs": [
            {
                "internalType": "string",
                "name": "",
                "type": "string"
            }
        ],
        "stateMutability": "view",
        "type": "function"
    },
    {
        "inputs": [],
        "name": "poolType",
        "outputs": [
            {
                "internalType": "uint256",
                "name": "",
                "type": "uint256"
            }
        ],
        "stateMutability": "view",
        "type": "function"
    },
    {
        "inputs": [],
        "name": "presaleRate",
        "outputs": [
            {
                "internalType": "uint256",
                "name": "",
                "type": "uint256"
            }
        ],
        "stateMutability": "view",
        "type": "function"
    },
    {
        "inputs": [],
        "name": "raisedAmount",
        "outputs": [
            {
                "internalType": "uint256",
                "name": "",
                "type": "uint256"
            }
        ],
        "stateMutability": "view",
        "type": "function"
    },
    {
        "inputs": [],
        "name": "raisedFeePercent",
        "outputs": [
            {
                "internalType": "uint256",
                "name": "",
                "type": "uint256"
            }
        ],
        "stateMutability": "view",
        "type": "function"
    },
    {
        "inputs": [],
        "name": "raisedTokenFeePercent",
        "outputs": [
            {
                "internalType": "uint256",
                "name": "",
                "type": "uint256"
            }
        ],
        "stateMutability": "view",
        "type": "function"
    },
    {
        "inputs": [
            {
                "internalType": "address[]",
                "name": "_buyers",
                "type": "address[]"
            }
        ],
        "name": "removeWhitelistBuyers",
        "outputs": [],
        "stateMutability": "nonpayable",
        "type": "function"
    },
    {
        "inputs": [],
        "name": "renounceOwnership",
        "outputs": [],
        "stateMutability": "nonpayable",
        "type": "function"
    },
    {
        "inputs": [],
        "name": "routerAddress",
        "outputs": [
            {
                "internalType": "address",
                "name": "",
                "type": "address"
            }
        ],
        "stateMutability": "view",
        "type": "function"
    },
    {
        "inputs": [
            {
                "internalType": "uint256",
                "name": "_listingTime",
                "type": "uint256"
            }
        ],
        "name": "setClaimTime",
        "outputs": [],
        "stateMutability": "nonpayable",
        "type": "function"
    },
    {
        "inputs": [
            {
                "internalType": "address",
                "name": "_factory",
                "type": "address"
            },
            {
                "internalType": "address",
                "name": "_router",
                "type": "address"
            }
        ],
        "name": "setDex",
        "outputs": [],
        "stateMutability": "nonpayable",
        "type": "function"
    },
    {
        "inputs": [
            {
                "internalType": "address payable",
                "name": "_fundAddress",
                "type": "address"
            }
        ],
        "name": "setFundAddress",
        "outputs": [],
        "stateMutability": "nonpayable",
        "type": "function"
    },
    {
        "inputs": [
            {
                "internalType": "uint256",
                "name": "_penaltyFee",
                "type": "uint256"
            }
        ],
        "name": "setPenaltyFee",
        "outputs": [],
        "stateMutability": "nonpayable",
        "type": "function"
    },
    {
        "inputs": [
            {
                "internalType": "address[]",
                "name": "_buyers",
                "type": "address[]"
            }
        ],
        "name": "setWhitelistBuyers",
        "outputs": [],
        "stateMutability": "nonpayable",
        "type": "function"
    },
    {
        "inputs": [
            {
                "internalType": "uint256",
                "name": "_wlPool",
                "type": "uint256"
            },
            {
                "internalType": "address",
                "name": "_holdingToken",
                "type": "address"
            },
            {
                "internalType": "uint256",
                "name": "_amount",
                "type": "uint256"
            }
        ],
        "name": "setWhitelistPool",
        "outputs": [],
        "stateMutability": "nonpayable",
        "type": "function"
    },
    {
        "inputs": [],
        "name": "softCap",
        "outputs": [
            {
                "internalType": "uint256",
                "name": "",
                "type": "uint256"
            }
        ],
        "stateMutability": "view",
        "type": "function"
    },
    {
        "inputs": [],
        "name": "startTime",
        "outputs": [
            {
                "internalType": "uint256",
                "name": "",
                "type": "uint256"
            }
        ],
        "stateMutability": "view",
        "type": "function"
    },
    {
        "inputs": [],
        "name": "state",
        "outputs": [
            {
                "internalType": "uint256",
                "name": "",
                "type": "uint256"
            }
        ],
        "stateMutability": "view",
        "type": "function"
    },
    {
        "inputs": [],
        "name": "teamLockId",
        "outputs": [
            {
                "internalType": "uint256",
                "name": "",
                "type": "uint256"
            }
        ],
        "stateMutability": "view",
        "type": "function"
    },
    {
        "inputs": [],
        "name": "tokenReleaseEachCycle",
        "outputs": [
            {
                "internalType": "uint256",
                "name": "",
                "type": "uint256"
            }
        ],
        "stateMutability": "view",
        "type": "function"
    },
    {
        "inputs": [],
        "name": "totalSoldTokens",
        "outputs": [
            {
                "internalType": "uint256",
                "name": "",
                "type": "uint256"
            }
        ],
        "stateMutability": "view",
        "type": "function"
    },
    {
        "inputs": [
            {
                "internalType": "address",
                "name": "newOwner",
                "type": "address"
            }
        ],
        "name": "transferOwnership",
        "outputs": [],
        "stateMutability": "nonpayable",
        "type": "function"
    },
    {
        "inputs": [],
        "name": "unpause",
        "outputs": [],
        "stateMutability": "nonpayable",
        "type": "function"
    },
    {
        "inputs": [
            {
                "internalType": "string",
                "name": "_poolDetail",
                "type": "string"
            }
        ],
        "name": "updatePoolDetail",
        "outputs": [],
        "stateMutability": "nonpayable",
        "type": "function"
    },
    {
        "inputs": [],
        "name": "vestingPeriodEachCycle",
        "outputs": [
            {
                "internalType": "uint256",
                "name": "",
                "type": "uint256"
            }
        ],
        "stateMutability": "view",
        "type": "function"
    },
    {
        "inputs": [],
        "name": "whitelistPool",
        "outputs": [
            {
                "internalType": "uint256",
                "name": "",
                "type": "uint256"
            }
        ],
        "stateMutability": "view",
        "type": "function"
    },
    {
        "inputs": [],
        "name": "withdrawContribute",
        "outputs": [],
        "stateMutability": "nonpayable",
        "type": "function"
    }
]