[
    {
        "inputs": [
            {
                "internalType": "address",
                "name": "factoryManager_",
                "type": "address"
            },
            {
                "internalType": "address",
                "name": "implementation_",
                "type": "address"
            }
        ],
        "stateMutability": "nonpayable",
        "type": "constructor"
    },
    {
        "anonymous": false,
        "inputs": [
            {
                "indexed": true,
                "internalType": "address",
                "name": "previousOwner",
                "type": "address"
            },
            {
                "indexed": true,
                "internalType": "address",
                "name": "newOwner",
                "type": "address"
            }
        ],
        "name": "OwnershipTransferred",
        "type": "event"
    },
    {
        "anonymous": false,
        "inputs": [
            {
                "indexed": true,
                "internalType": "address",
                "name": "owner",
                "type": "address"
            },
            {
                "indexed": true,
                "internalType": "address",
                "name": "token",
                "type": "address"
            },
            {
                "indexed": false,
                "internalType": "enum TokenType",
                "name": "tokenType",
                "type": "uint8"
            },
            {
                "indexed": false,
                "internalType": "uint256",
                "name": "VERSION",
                "type": "uint256"
            }
        ],
        "name": "TokenCreated",
        "type": "event"
    },
    {
        "inputs": [
            {
                "internalType": "string",
                "name": "name",
                "type": "string"
            },
            {
                "internalType": "string",
                "name": "symbol",
                "type": "string"
            },
            {
                "internalType": "uint256",
                "name": "totalSupply",
                "type": "uint256"
            },
            {
                "internalType": "address",
                "name": "router",
                "type": "address"
            },
            {
                "internalType": "address",
                "name": "charity",
                "type": "address"
            },
            {
                "internalType": "uint16",
                "name": "taxFeeBps",
                "type": "uint16"
            },
            {
                "internalType": "uint16",
                "name": "liquidityFeeBps",
                "type": "uint16"
            },
            {
                "internalType": "uint16",
                "name": "charityBps",
                "type": "uint16"
            }
        ],
        "name": "create",
        "outputs": [
            {
                "internalType": "address",
                "name": "token",
                "type": "address"
            }
        ],
        "stateMutability": "payable",
        "type": "function"
    },
    {
        "inputs": [],
        "name": "factoryManager",
        "outputs": [
            {
                "internalType": "address",
                "name": "",
                "type": "address"
            }
        ],
        "stateMutability": "view",
        "type": "function"
    },
    {
        "inputs": [],
        "name": "feeTo",
        "outputs": [
            {
                "internalType": "address",
                "name": "",
                "type": "address"
            }
        ],
        "stateMutability": "view",
        "type": "function"
    },
    {
        "inputs": [],
        "name": "flatFee",
        "outputs": [
            {
                "internalType": "uint256",
                "name": "",
                "type": "uint256"
            }
        ],
        "stateMutability": "view",
        "type": "function"
    },
    {
        "inputs": [],
        "name": "getTokens",
        "outputs": [
            {
                "internalType": "contract StandardLiquidityGeneratorToken[]",
                "name": "",
                "type": "address[]"
            }
        ],
        "stateMutability": "view",
        "type": "function"
    },
    {
        "inputs": [],
        "name": "implementation",
        "outputs": [
            {
                "internalType": "address",
                "name": "",
                "type": "address"
            }
        ],
        "stateMutability": "view",
        "type": "function"
    },
    {
        "inputs": [
            {
                "internalType": "uint256",
                "name": "",
                "type": "uint256"
            }
        ],
        "name": "liquidityTokens",
        "outputs": [
            {
                "internalType": "contract StandardLiquidityGeneratorToken",
                "name": "",
                "type": "address"
            }
        ],
        "stateMutability": "view",
        "type": "function"
    },
    {
        "inputs": [],
        "name": "owner",
        "outputs": [
            {
                "internalType": "address",
                "name": "",
                "type": "address"
            }
        ],
        "stateMutability": "view",
        "type": "function"
    },
    {
        "inputs": [],
        "name": "renounceOwnership",
        "outputs": [],
        "stateMutability": "nonpayable",
        "type": "function"
    },
    {
        "inputs": [
            {
                "internalType": "address",
                "name": "feeReceivingAddress",
                "type": "address"
            }
        ],
        "name": "setFeeTo",
        "outputs": [],
        "stateMutability": "nonpayable",
        "type": "function"
    },
    {
        "inputs": [
            {
                "internalType": "uint256",
                "name": "fee",
                "type": "uint256"
            }
        ],
        "name": "setFlatFee",
        "outputs": [],
        "stateMutability": "nonpayable",
        "type": "function"
    },
    {
        "inputs": [
            {
                "internalType": "address",
                "name": "implementation_",
                "type": "address"
            }
        ],
        "name": "setImplementation",
        "outputs": [],
        "stateMutability": "nonpayable",
        "type": "function"
    },
    {
        "inputs": [
            {
                "internalType": "address",
                "name": "newOwner",
                "type": "address"
            }
        ],
        "name": "transferOwnership",
        "outputs": [],
        "stateMutability": "nonpayable",
        "type": "function"
    }
]