[
    {
        "inputs": [],
        "stateMutability": "nonpayable",
        "type": "constructor"
    },
    {
        "anonymous": false,
        "inputs": [
            {
                "indexed": true,
                "internalType": "address",
                "name": "pvSale",
                "type": "address"
            }
        ],
        "name": "NewPrivateSale",
        "type": "event"
    },
    {
        "anonymous": false,
        "inputs": [
            {
                "indexed": true,
                "internalType": "address",
                "name": "previousOwner",
                "type": "address"
            },
            {
                "indexed": true,
                "internalType": "address",
                "name": "newOwner",
                "type": "address"
            }
        ],
        "name": "OwnershipTransferred",
        "type": "event"
    },
    {
        "inputs": [
            {
                "internalType": "address[2]",
                "name": "_addrs",
                "type": "address[2]"
            },
            {
                "components": [
                    {
                        "internalType": "address",
                        "name": "currency",
                        "type": "address"
                    },
                    {
                        "internalType": "bool",
                        "name": "isWhitelist",
                        "type": "bool"
                    },
                    {
                        "internalType": "uint256",
                        "name": "softCap",
                        "type": "uint256"
                    },
                    {
                        "internalType": "uint256",
                        "name": "hardCap",
                        "type": "uint256"
                    },
                    {
                        "internalType": "uint256",
                        "name": "minInvest",
                        "type": "uint256"
                    },
                    {
                        "internalType": "uint256",
                        "name": "maxInvest",
                        "type": "uint256"
                    },
                    {
                        "internalType": "uint256",
                        "name": "startTime",
                        "type": "uint256"
                    },
                    {
                        "internalType": "uint256",
                        "name": "endTime",
                        "type": "uint256"
                    }
                ],
                "internalType": "struct PrivateSaleStructs.PrivateSaleInfo",
                "name": "_privateSaleInfo",
                "type": "tuple"
            },
            {
                "components": [
                    {
                        "internalType": "uint256",
                        "name": "tgeBps",
                        "type": "uint256"
                    },
                    {
                        "internalType": "uint256",
                        "name": "cycle",
                        "type": "uint256"
                    },
                    {
                        "internalType": "uint256",
                        "name": "cycleBps",
                        "type": "uint256"
                    }
                ],
                "internalType": "struct PrivateSaleStructs.VestingInfo",
                "name": "_vestingInfo",
                "type": "tuple"
            },
            {
                "internalType": "string",
                "name": "_privateSaleDetail",
                "type": "string"
            }
        ],
        "name": "create",
        "outputs": [],
        "stateMutability": "payable",
        "type": "function"
    },
    {
        "inputs": [],
        "name": "feeTo",
        "outputs": [
            {
                "internalType": "address payable",
                "name": "",
                "type": "address"
            }
        ],
        "stateMutability": "view",
        "type": "function"
    },
    {
        "inputs": [],
        "name": "flatFee",
        "outputs": [
            {
                "internalType": "uint256",
                "name": "",
                "type": "uint256"
            }
        ],
        "stateMutability": "view",
        "type": "function"
    },
    {
        "inputs": [],
        "name": "getPrivateSaleArray",
        "outputs": [
            {
                "internalType": "address[]",
                "name": "",
                "type": "address[]"
            }
        ],
        "stateMutability": "view",
        "type": "function"
    },
    {
        "inputs": [],
        "name": "getPrivateSaleArrayLength",
        "outputs": [
            {
                "internalType": "uint256",
                "name": "",
                "type": "uint256"
            }
        ],
        "stateMutability": "view",
        "type": "function"
    },
    {
        "inputs": [],
        "name": "owner",
        "outputs": [
            {
                "internalType": "address",
                "name": "",
                "type": "address"
            }
        ],
        "stateMutability": "view",
        "type": "function"
    },
    {
        "inputs": [
            {
                "internalType": "uint256",
                "name": "",
                "type": "uint256"
            }
        ],
        "name": "privateSaleContracts",
        "outputs": [
            {
                "internalType": "address",
                "name": "",
                "type": "address"
            }
        ],
        "stateMutability": "view",
        "type": "function"
    },
    {
        "inputs": [],
        "name": "renounceOwnership",
        "outputs": [],
        "stateMutability": "nonpayable",
        "type": "function"
    },
    {
        "inputs": [
            {
                "internalType": "uint256",
                "name": "fee",
                "type": "uint256"
            }
        ],
        "name": "setFlatFee",
        "outputs": [],
        "stateMutability": "nonpayable",
        "type": "function"
    },
    {
        "inputs": [
            {
                "internalType": "address payable",
                "name": "_fundAddress",
                "type": "address"
            }
        ],
        "name": "setFundAddress",
        "outputs": [],
        "stateMutability": "nonpayable",
        "type": "function"
    },
    {
        "inputs": [
            {
                "internalType": "address",
                "name": "newOwner",
                "type": "address"
            }
        ],
        "name": "transferOwnership",
        "outputs": [],
        "stateMutability": "nonpayable",
        "type": "function"
    }
]