{
  "name": "PancakeSwap Default List",
  "timestamp": "2021-05-06T00:00:00Z",
  "version": {
    "major": 3,
    "minor": 0,
    "patch": 0
  },
  "tags": {},
  "logoURI": "https://dapp.xyzz.finance/logo.png",
  "keywords": ["pancake", "default"],
  "tokens": [
    {
      "name": "WBNB Token",
      "symbol": "WBNB",
      "address": "0xbb4cdb9cbd36b01bd1cbaebf2de08d9173bc095c",
      "chainId": 56,
      "decimals": 18,
      "logoURI": "https://app.xyzz.finance/images/tokens/0xbb4cdb9cbd36b01bd1cbaebf2de08d9173bc095c.png"
    },
    {
      "name": "BUSD Token",
      "symbol": "BUSD",
      "address": "0xe9e7cea3dedca5984780bafc599bd69add087d56",
      "chainId": 56,
      "decimals": 18,
      "logoURI": "https://app.xyzz.finance/images/tokens/0xe9e7cea3dedca5984780bafc599bd69add087d56.png"
    },
    {
      "name": "Ethereum Token",
      "symbol": "ETH",
      "address": "0x2170ed0880ac9a755fd29b2688956bd959f933f8",
      "chainId": 56,
      "decimals": 18,
      "logoURI": "https://app.xyzz.finance/images/tokens/0x2170ed0880ac9a755fd29b2688956bd959f933f8.png"
    },
    {
      "name": "Tether USD",
      "symbol": "USDT",
      "address": "0x55d398326f99059ff775485246999027b3197955",
      "chainId": 56,
      "decimals": 18,
      "logoURI": "https://app.xyzz.finance/images/tokens/0x55d398326f99059ff775485246999027b3197955.png"
    },
    {
      "name": "XYZ Finance",
      "symbol": "XYZ",
      "address": "0x3374bdb800708d1b3173eac918c58d766c7ddd28",
      "chainId": 56,
      "decimals": 8,
      "logoURI": "https://tc.sb/AE86ZS94JT.png"
    },
    {
      "name": "XYZZ Swap",
      "symbol": "XYZZ",
      "address": "0x1a5a6f1bA485cDBAf90B0C0DB270D5a656a783b3",
      "chainId": 56,
      "decimals": 8,
      "logoURI": "https://s1.ax1x.com/2022/05/20/OOWAfA.png"
    },
    {
      "name": "XYZZZ GameFi",
      "symbol": "XYZZZ",
      "address": "0xAd98c44b1D67AE1517E9a1B8A9B14304995FC118",
      "chainId": 56,
      "decimals": 8,
      "logoURI": "https://tc.sb/AE86HM5R95.png"
    }
  ]
}
