{
  "usingComponents": {
    "van-nav-bar": "@vant/weapp/nav-bar/index",
    "van-icon": "@vant/weapp/icon/index",
    "van-tab": "@vant/weapp/tab/index",
    "van-tabs": "@vant/weapp/tabs/index",
    "van-button": "@vant/weapp/button/index",
    "van-collapse": "@vant/weapp/collapse/index",
    "van-collapse-item": "@vant/weapp/collapse-item/index",
    "van-dialog": "@vant/weapp/dialog/index",
    "van-radio": "@vant/weapp/radio/index",
    "van-radio-group": "@vant/weapp/radio-group/index",
    "van-field": "@vant/weapp/field/index",
    "van-toast": "@vant/weapp/toast/index"
  }
}