{
  "usingComponents": {
    "van-nav-bar": "@vant/weapp/nav-bar/index",
    "van-icon": "@vant/weapp/icon/index",
    "van-radio": "@vant/weapp/radio/index",
    "van-radio-group": "@vant/weapp/radio-group/index",
    "van-collapse": "@vant/weapp/collapse/index",
    "van-collapse-item": "@vant/weapp/collapse-item/index",
    "van-datetime-picker": "@vant/weapp/datetime-picker/index",
    "van-popup": "@vant/weapp/popup/index",
    "van-picker": "@vant/weapp/picker/index",
    "van-cell": "@vant/weapp/cell/index",
    "van-cell-group": "@vant/weapp/cell-group/index",
    "ThreeLeve": "../../components/ThreeLeve/ThreeLeve",
    "NationConter": "../../components/Nation/Nation"
  }
}