[{
    "name":"MAYA01",
    "progress":30,
    "Liquidity":30,
    "lockupTime":30,
    "status":"upcoming",
    "isCollect":true
},{
    "name":"MAYA02",
    "progress":55,
    "Liquidity":70,
    "lockupTime":60,
    "status":"save",
    "isCollect":false
},{
    "name":"MAYA03",
    "progress":5,
    "Liquidity":60,
    "lockupTime":90,
    "status":"cancel",
    "isCollect":true
},{
    "name":"MAYA04",
    "progress":15,
    "Liquidity":90,
    "lockupTime":180,
    "status":"end",
    "isCollect":true
},{
    "name":"MAYA04",
    "progress":15,
    "Liquidity":90,
    "lockupTime":180,
    "status":"end",
    "isCollect":true
},{
    "name":"MAYA04",
    "progress":15,
    "Liquidity":90,
    "lockupTime":180,
    "status":"end",
    "isCollect":false
}]