[
    {
        "id": 0,
        "name": "FISTDAO/USDT",
        "code": "0x163314BE8cFE6002eaBE7652db10090a26c925c2",
        "token1": "0x5294DF0017b6AB98FF7df69ca206552D6F6b4A5b",
        "token2": "0x55d398326f99059fF775485246999027B3197955",
        "userToken1": "",
        "userToken2": "",
        "icon": "https://images.youwant.io/i/2022/09/20/6329b40d8958d.png",
        "icons": "https://s1.ax1x.com/2022/09/01/v5vKs0.png",
        "counts": "",
        "Pending": "",
        "lPdata": "",
        "show": 0,
        "wenbi": 0,
        "lPdataToken1": "",
        "lPdataToken2": "",
        "binsShow": false,
        "bianes": "",
        "LpList": "1098",
        "pron1": "",
        "pron2": "250x",
        "pid":0,
        "sbuer":"",
        "inputValue":""
    },
    {
        "id": 1,
        "name": "OSKDAO/USDT",
        "code": "0x23E0177a7b341dA514c7d6E03CEAdb1231F86F5B",
        "token1": "0x7c30987194657a8a7129b07b06F12b3e9B04856b",
        "token2": "0x55d398326f99059fF775485246999027B3197955",
        "userToken1": "",
        "userToken2": "",
        "icon": "https://images.youwant.io/i/2022/09/20/6329b40d8958d.png",
        "icons": "https://images.youwant.io/i/2022/12/08/63917ccc8cfbd.png",
        "counts": "",
        "Pending": "",
        "lPdata": "",
        "show": 0,
        "wenbi": 0,
        "lPdataToken1": "",
        "lPdataToken2": "",
        "binsShow": false,
        "bianes": "",
        "LpList": "1123",
        "pron1": "",
        "pron2": "115x",
        "pid":1,
        "sbuer":"https://data.gateapi.io/api2/1/ticker/wag_usdt",
        "inputValue":""
    },
    {
        "id": 2,
        "name": "FISTDAO/OSKDAO",
        "code": "0xB0d8eFE9ef2ee7638A259FEdeD49da433Ffd34eF",
        "token1": "0x5294DF0017b6AB98FF7df69ca206552D6F6b4A5b",
        "token2": "0x7c30987194657a8a7129b07b06F12b3e9B04856b",
        "userToken1": "",
        "userToken2": "",
        "icon": "https://images.youwant.io/i/2022/12/08/63917ccc8cfbd.png",
        "icons": "https://images.youwant.io/i/2022/12/08/63917cb4972d3.png",
        "counts": "",
        "Pending": "",
        "lPdata": "",
        "show": 0,
        "wenbi": 0,
        "lPdataToken1": "",
        "lPdataToken2": "",
        "binsShow": false,
        "bianes": "",
        "LpList": "1108",
        "pron1": "",
        "pron2": "100x",
        "pid":2,
        "sbuer":"https://data.gateapi.io/api2/1/ticker/wag_usdt",
        "inputValue":""
    }
]